,ID,Model,ModelParameters,TransformationParameters,TransformationRuntime,FitRuntime,PredictRuntime,TotalRuntime,Ensemble,Exceptions,Runs,ValidationRound,smape,mae,rmse,containment,spl,contour,smape_weighted,mae_weighted,rmse_weighted,containment_weighted,spl_weighted,contour_weighted,TotalRuntimeSeconds,Score
0,84cd5713f07c833dafe810770a30bb09,AverageValueNaive,"{""method"": ""Mean""}","{""fillna"": ""fake_date"", ""transformations"": {""0"": ""DifferencedTransformer""}, ""transformation_params"": {""0"": {}}}",0.0,0.0,0.015625,0.015625,0,,1,0,9.046892172802433,3.2093201713471657,4.003170082058062,0.875,1.9563901901368541,0.4920634920634921,9.046892172802433,3.2093201713471657,4.003170082058062,0.875,1.9563901901368541,0.4920634920634921,1.0,4.977886763489241
1,16b1b6216f8bb9e3240fafee4165e6ed,AverageValueNaive,"{""method"": ""Mean""}","{""fillna"": ""mean"", ""transformations"": {""0"": ""ClipOutliers"", ""1"": ""QuantileTransformer""}, ""transformation_params"": {""0"": {""method"": ""clip"", ""std_threshold"": 3, ""fillna"": null}, ""1"": {""output_distribution"": ""uniform"", ""n_quantiles"": 264}}}",0.020734000000000002,0.0,0.0,0.020734000000000002,0,,1,0,28.251678430598204,15.149355221401013,16.203217016942624,0.4166666666666667,11.216047369686537,0.46031746031746024,28.251678430598204,15.149355221401013,16.203217016942624,0.4166666666666667,11.216047369686537,0.46031746031746024,1.0,19.105850271191432
2,4c92cc24c964ce1cc75f7033fa0653b9,AverageValueNaive,"{""method"": ""Mean""}","{""fillna"": ""rolling_mean_24"", ""transformations"": {""0"": ""SeasonalDifference"", ""1"": ""Round""}, ""transformation_params"": {""0"": {""lag_1"": 7, ""method"": ""Mean""}, ""1"": {""model"": ""middle"", ""decimals"": 2, ""on_transform"": true, ""on_inverse"": false}}}",0.015615,0.0,0.0,0.015615,0,,1,0,29.1621195505736,15.224260264322433,16.26798992882391,0.5,12.282699088674956,0.6666666666666666,29.1621195505736,15.224260264322433,16.26798992882391,0.5,12.282699088674956,0.6666666666666666,1.0,19.878947602406765
3,d773077d597d64ab8161d41917a63399,GLS,{},"{""fillna"": ""rolling_mean"", ""transformations"": {""0"": ""RollingMeanTransformer"", ""1"": ""DifferencedTransformer""}, ""transformation_params"": {""0"": {""fixed"": true, ""window"": 3}, ""1"": {}}}",0.015624,0.0,0.046816,0.06244,0,,1,0,10.51449754057269,3.8749262808843983,4.6782640522423,0.9305555555555556,1.7724223434251551,0.6190476190476191,10.51449754057269,3.8749262808843983,4.6782640522423,0.9305555555555556,1.7724223434251551,0.6190476190476191,1.0,5.6052317342379085
4,b0c399b891af6e2aa3e57aa5c5179276,GLS,{},"{""fillna"": ""median"", ""transformations"": {""0"": ""ClipOutliers"", ""1"": ""QuantileTransformer""}, ""transformation_params"": {""0"": {""method"": ""clip"", ""std_threshold"": 3.5, ""fillna"": null}, ""1"": {""output_distribution"": ""uniform"", ""n_quantiles"": 264}}}",0.015625,0.0,0.04687,0.062495,0,,1,0,30.83996004480224,15.598954546565531,16.654929605440554,0.5555555555555556,5.521738816350478,0.5396825396825398,30.83996004480224,15.598954546565531,16.654929605440554,0.5555555555555556,5.521738816350478,0.5396825396825398,1.0,17.736670849167922
5,01e24fd7ddab91a00fd7586d66109037,LastValueNaive,{},"{""fillna"": ""mean"", ""transformations"": {""0"": ""bkfilter"", ""2"": ""Detrend""}, ""transformation_params"": {""0"": {}, ""2"": {""model"": ""Linear""}}}",0.006507000000000001,0.015625,0.0,0.022132000000000002,0,,1,0,10.552508748933723,4.508508563164989,5.68008431997051,0.7916666666666666,3.5967747861012285,0.5714285714285714,10.552508748933723,4.508508563164989,5.68008431997051,0.7916666666666666,3.5967747861012285,0.5714285714285714,1.0,6.632764116116205
6,d2e02bd3318c05892ea91a51ef07b6be,LastValueNaive,{},"{""fillna"": ""rolling_mean_24"", ""transformations"": {""0"": ""PositiveShift"", ""2"": ""bkfilter""}, ""transformation_params"": {""0"": {}, ""2"": {}}}",0.031249000000000002,0.0,0.0,0.031249000000000002,0,,1,0,10.621211657381338,4.5345190881202235,5.710114368375246,0.7916666666666666,3.8319959517544677,0.46031746031746024,10.621211657381338,4.5345190881202235,5.710114368375246,0.7916666666666666,3.8319959517544677,0.46031746031746024,1.0,6.762883586457193
7,baa1fe0e739dbd588c871b140b998728,LastValueNaive,{},"{""fillna"": ""fake_date"", ""transformations"": {""0"": ""SeasonalDifference""}, ""transformation_params"": {""0"": {""lag_1"": 7, ""method"": ""LastValue""}}}",0.015624,0.0,0.0,0.015624,0,,1,0,11.644206858667097,3.760394424603174,4.356058421963833,0.9027777777777778,2.323112803710029,0.5079365079365079,11.644206858667097,3.760394424603174,4.356058421963833,0.9027777777777778,2.323112803710029,0.5079365079365079,1.0,6.148478506679463
8,2bc63d569002703da36a2408d75e6b72,LastValueNaive,{},"{""fillna"": ""mean"", ""transformations"": {""0"": ""ClipOutliers"", ""1"": ""QuantileTransformer""}, ""transformation_params"": {""0"": {""method"": ""clip"", ""std_threshold"": 1, ""fillna"": null}, ""1"": {""output_distribution"": ""uniform"", ""n_quantiles"": 264}}}",0.022128000000000002,0.0,0.015624,0.037752,0,,1,0,13.737868510052532,8.999696273109135,9.968694841514765,0.4722222222222222,11.717980574345695,0.46031746031746024,13.737868510052532,8.999696273109135,9.968694841514765,0.4722222222222222,11.717980574345695,0.46031746031746024,1.0,12.489833862980124
9,b71db750b18f2d2c1aab7beb4d1d1f59,SeasonalNaive,"{""method"": ""LastValue"", ""lag_1"": 2, ""lag_2"": 7}","{""fillna"": ""rolling_mean_24"", ""transformations"": {""1"": ""Round"", ""2"": ""PowerTransformer""}, ""transformation_params"": {""1"": {""model"": ""middle"", ""decimals"": 2, ""on_transform"": false, ""on_inverse"": true}, ""2"": {}}}",0.031251,0.0,0.04687,0.07812100000000001,0,,1,0,9.295584254729446,2.7377863095238086,3.5864673160142027,0.9722222222222222,5.094629691745013,0.5873015873015873,9.295584254729446,2.7377863095238086,3.5864673160142027,0.9722222222222222,5.094629691745013,0.5873015873015873,1.0,6.230604976010421
10,5052de724fcdfe21f91c9260b6475667,SeasonalNaive,"{""method"": ""LastValue"", ""lag_1"": 96, ""lag_2"": 4}","{""fillna"": ""mean"", ""transformations"": {""0"": ""ClipOutliers"", ""1"": ""QuantileTransformer""}, ""transformation_params"": {""0"": {""method"": ""clip"", ""std_threshold"": 3, ""fillna"": null}, ""1"": {""output_distribution"": ""uniform"", ""n_quantiles"": 264}}}",0.0065130000000000006,0.0,0.046907000000000004,0.05342,0,,1,0,16.845184057320232,10.050736927617017,10.934679132819968,0.625,4.533825311141497,0.5873015873015873,16.845184057320232,10.050736927617017,10.934679132819968,0.625,4.533825311141497,0.5873015873015873,1.0,10.850633885935338
11,51187eb1f61ebc74cf730f1c9f3149c8,SeasonalNaive,"{""method"": ""LastValue"", ""lag_1"": 2, ""lag_2"": 1}","{""fillna"": ""rolling_mean_24"", ""transformations"": {""0"": ""SeasonalDifference"", ""1"": ""QuantileTransformer""}, ""transformation_params"": {""0"": {""lag_1"": 12, ""method"": ""Median""}, ""1"": {""output_distribution"": ""uniform"", ""n_quantiles"": 264}}}",0.0,0.0,0.053441,0.053441,0,,1,0,9.81614214469496,3.6016622771738662,5.0751095539392725,0.8611111111111112,4.339225987671237,0.6349206349206349,9.81614214469496,3.6016622771738662,5.0751095539392725,0.8611111111111112,4.339225987671237,0.6349206349206349,1.0,6.4508226787589
12,22e96ab852dff1c49457043257070ec1,SeasonalNaive,"{""method"": ""LastValue"", ""lag_1"": 7, ""lag_2"": 2}","{""fillna"": ""mean"", ""transformations"": {""0"": ""QuantileTransformer"", ""1"": ""ClipOutliers""}, ""transformation_params"": {""0"": {""output_distribution"": ""uniform"", ""n_quantiles"": 264}, ""1"": {""method"": ""clip"", ""std_threshold"": 2, ""fillna"": null}}}",0.0,0.015632,0.031242000000000002,0.046874000000000006,0,,1,0,10.547482282693565,3.814314846576516,5.270009658534423,0.8472222222222222,4.377531412327845,0.5238095238095238,10.547482282693565,3.814314846576516,5.270009658534423,0.8472222222222222,4.377531412327845,0.5238095238095238,1.0,6.77684968303582
13,fd6973353b182c90ec04de341d996c30,ZeroesNaive,{},"{""fillna"": ""ffill"", ""transformations"": {""0"": ""PowerTransformer"", ""1"": ""QuantileTransformer""}, ""transformation_params"": {""0"": {}, ""1"": {""output_distribution"": ""uniform"", ""n_quantiles"": 264}}}",0.015678,0.0,0.0,0.015678,0,,1,0,84.93005728428423,32.40190742063309,32.96923933456776,0.0,53.4347875183556,0.46031746031746024,84.93005728428423,32.40190742063309,32.96923933456776,0.0,53.4347875183556,0.46031746031746024,1.0,61.14254013217696
14,28626d94867d2ae68688e3f22060a8dd,LastValueNaive,{},"{""fillna"": ""rolling_mean"", ""transformations"": {""0"": ""ClipOutliers""}, ""transformation_params"": {""0"": {""method"": ""clip"", ""std_threshold"": 5, ""fillna"": null}}}",0.001103,0.0,0.0,0.001103,0,,1,0,9.175496791024106,3.352782698412698,4.16083956288006,0.8194444444444444,3.7956018117828503,0.46031746031746024,9.175496791024106,3.352782698412698,4.16083956288006,0.8194444444444444,3.7956018117828503,0.46031746031746024,1.0,5.836980787472125
15,2823b061fe646265be0e4475aa11ddda,ZeroesNaive,{},"{""fillna"": ""median"", ""transformations"": {""0"": ""ClipOutliers"", ""1"": ""QuantileTransformer""}, ""transformation_params"": {""0"": {""method"": ""clip"", ""std_threshold"": 3, ""fillna"": null}, ""1"": {""output_distribution"": ""uniform"", ""n_quantiles"": 264}}}",0.015608,0.0,0.0,0.015608,0,,1,0,68.3665542904536,32.247905931599675,32.81964883442939,0.0,51.49691584489054,0.46031746031746024,68.3665542904536,32.247905931599675,32.81964883442939,0.0,51.49691584489054,0.46031746031746024,1.0,54.73471028898479
16,28058933cc3b0caf92386c392957fa85,AverageValueNaive,"{""method"": ""Mean""}","{""fillna"": ""ffill"", ""transformations"": {""0"": ""ClipOutliers"", ""1"": ""SeasonalDifference""}, ""transformation_params"": {""0"": {""method"": ""clip"", ""std_threshold"": 5, ""fillna"": null}, ""1"": {""lag_1"": 7, ""method"": ""Median""}}}",0.003542,0.0,0.015625,0.019167,0,,1,0,38.54077053225265,19.592416672018132,20.68051357765486,0.4722222222222222,8.078733304548415,0.4920634920634921,38.54077053225265,19.592416672018132,20.68051357765486,0.4722222222222222,8.078733304548415,0.4920634920634921,1.0,22.656676933028226
17,87d72a109164585160f8d1d27c0eb445,GLS,{},"{""fillna"": ""fake_date"", ""transformations"": {""0"": ""ClipOutliers"", ""1"": ""RollingMean100thN""}, ""transformation_params"": {""0"": {""method"": ""clip"", ""std_threshold"": 5, ""fillna"": null}, ""1"": {}}}",0.0313,0.0,0.053395000000000005,0.084695,0,,1,0,23.817092237622482,7.702695351972701,9.959944552405627,0.4027777777777778,5.388759926666011,0.4444444444444444,23.817092237622482,7.702695351972701,9.959944552405627,0.4027777777777778,5.388759926666011,0.4444444444444444,1.0,12.991182386697854
18,97bee0ec830275f07c85f0cae3efd08d,ZeroesNaive,{},"{""fillna"": ""fake_date"", ""transformations"": {""0"": ""ClipOutliers"", ""1"": ""RobustScaler""}, ""transformation_params"": {""0"": {""method"": ""clip"", ""std_threshold"": 4, ""fillna"": null}, ""1"": {}}}",0.015626,0.0,0.0,0.015626,0,,1,0,19.27714033099218,10.042815198412699,11.133193313627409,0.0,12.382722313557228,0.46031746031746024,19.27714033099218,10.042815198412699,11.133193313627409,0.0,12.382722313557228,0.46031746031746024,1.0,14.971491922331872
19,ac73937284f716f801b8689d0cbe084e,GLS,{},"{""fillna"": ""rolling_mean_24"", ""transformations"": {""0"": ""ClipOutliers"", ""1"": ""DifferencedTransformer""}, ""transformation_params"": {""0"": {""method"": ""clip"", ""std_threshold"": 2, ""fillna"": null}, ""1"": {}}}",0.015624,0.0,0.046871,0.062495,0,,1,0,9.964753724517717,5.657366125372337,6.394314588980716,0.875,3.7539241556100893,0.6190476190476191,9.964753724517717,5.657366125372337,6.394314588980716,0.875,3.7539241556100893,0.6190476190476191,1.0,6.80513103097215
20,7b600e7e1a49d3b64182b07340528b32,GLS,{},"{""fillna"": ""mean"", ""transformations"": {""0"": ""ClipOutliers""}, ""transformation_params"": {""0"": {""method"": ""clip"", ""std_threshold"": 3.5, ""fillna"": null}}}",0.010035,0.0,0.058389,0.068424,0,,1,0,33.458591551833614,8.56170833418198,9.228909881366,0.6805555555555556,7.114538166399972,0.5396825396825397,33.458591551833614,8.56170833418198,9.228909881366,0.6805555555555556,7.114538166399972,0.5396825396825397,1.0,16.99288831587352
21,9621bf502068c6d2b2cddd1f7f4e570f,GLS,{},"{""fillna"": ""ffill"", ""transformations"": {""0"": ""ClipOutliers"", ""1"": ""RobustScaler""}, ""transformation_params"": {""0"": {""method"": ""clip"", ""std_threshold"": 3.5, ""fillna"": null}, ""1"": {}}}",0.022085,0.0,0.050379,0.072464,0,,1,0,23.71061844289464,10.90955236952092,11.864456281228847,0.9027777777777778,7.480996897655597,0.5238095238095238,23.71061844289464,10.90955236952092,11.864456281228847,0.9027777777777778,7.480996897655597,0.5238095238095238,1.0,14.664829060297087
22,827839c47bd70cc1daa8bc83b775bc92,AverageValueNaive,"{""method"": ""Mean""}","{""fillna"": ""ffill"", ""transformations"": {""0"": ""ClipOutliers""}, ""transformation_params"": {""0"": {""method"": ""clip"", ""std_threshold"": 4, ""fillna"": null}}}",0.010048000000000001,0.0,0.01003,0.020078000000000002,0,,1,0,38.59069119880352,19.604036913088812,20.683842767752285,0.4722222222222222,8.056852511192405,0.46031746031746024,38.59069119880352,19.604036913088812,20.683842767752285,0.4722222222222222,8.056852511192405,0.46031746031746024,1.0,22.666787165219755
23,17972d26f36106940745d3c36e035d11,SeasonalNaive,"{""method"": ""Mean"", ""lag_1"": 7, ""lag_2"": 28}","{""fillna"": ""fake_date"", ""transformations"": {""0"": ""ClipOutliers"", ""1"": ""RobustScaler""}, ""transformation_params"": {""0"": {""method"": ""clip"", ""std_threshold"": 3.5, ""fillna"": null}, ""1"": {}}}",0.020111,0.0,0.050277,0.070388,0,,1,0,18.553714212044696,9.429432878566057,10.637356384908044,0.8611111111111112,5.645148099650195,0.5555555555555556,18.553714212044696,9.429432878566057,10.637356384908044,0.8611111111111112,5.645148099650195,0.5555555555555556,1.0,11.735697761943625
24,c2f7b197cd0777b2aeb7b5b77dc0cc97,ZeroesNaive,{},"{""fillna"": ""mean"", ""transformations"": {""0"": ""ClipOutliers"", ""1"": ""PowerTransformer""}, ""transformation_params"": {""0"": {""method"": ""clip"", ""std_threshold"": 3, ""fillna"": null}, ""1"": {}}}",0.030145,0.0,0.0,0.030145,0,,1,0,29.205731862338737,15.8302876935851,16.889893110604653,0.0,21.56501723770795,0.46031746031746024,29.205731862338737,15.8302876935851,16.889893110604653,0.0,21.56501723770795,0.46031746031746024,1.0,23.966600839351237
25,3973e52b8c979fe13d22b0e54cbefa81,LastValueNaive,{},"{""fillna"": ""fake_date"", ""transformations"": {""0"": ""ClipOutliers"", ""1"": ""MinMaxScaler""}, ""transformation_params"": {""0"": {""method"": ""clip"", ""std_threshold"": 5, ""fillna"": null}, ""1"": {}}}",0.030222000000000002,0.0,0.0,0.030222000000000002,0,,1,0,9.175496791024106,3.352782698412698,4.16083956288006,0.8888888888888888,2.2255253479144255,0.46031746031746024,9.175496791024106,3.352782698412698,4.16083956288006,0.8888888888888888,2.2255253479144255,0.46031746031746024,1.0,5.180931308486932
26,3b62b1f946567809f13c6a368e434d19,LastValueNaive,{},"{""fillna"": ""zero"", ""transformations"": {""0"": ""ClipOutliers""}, ""transformation_params"": {""0"": {""method"": ""clip"", ""std_threshold"": 4, ""fillna"": null}}}",0.002063,0.008054,0.0,0.010117000000000001,0,,1,0,9.175496791024106,3.352782698412698,4.16083956288006,0.7777777777777778,7.39110606408215,0.46031746031746024,9.175496791024106,3.352782698412698,4.16083956288006,0.7777777777777778,7.39110606408215,0.46031746031746024,1.0,7.339346274563254
27,911bc89480100ebda6939d06febe6eca,LastValueNaive,{},"{""fillna"": ""zero"", ""transformations"": {""0"": ""ClipOutliers""}, ""transformation_params"": {""0"": {""method"": ""clip"", ""std_threshold"": 2, ""fillna"": null}}}",0.00206,0.00812,0.0,0.01018,0,,1,0,9.547549369110614,4.112881044049087,4.893523909100797,0.7777777777777778,7.39110606408215,0.46031746031746024,9.547549369110614,4.112881044049087,4.893523909100797,0.7777777777777778,7.39110606408215,0.46031746031746024,1.0,7.7012916356428285
28,445191fc70a2026a649ea572c326f748,LastValueNaive,{},"{""fillna"": ""median"", ""transformations"": {""0"": ""ClipOutliers""}, ""transformation_params"": {""0"": {""method"": ""clip"", ""std_threshold"": 1, ""fillna"": null}}}",0.008052,0.0,0.0,0.008052,0,,1,0,13.806730843274522,8.857808210135794,9.831837464655356,0.6944444444444444,7.782142890699559,0.46031746031746024,13.806730843274522,8.857808210135794,9.831837464655356,0.6944444444444444,7.782142890699559,0.46031746031746024,1.0,10.824029022498049
29,0989763dea633443daed2134caae70b6,LastValueNaive,{},"{""fillna"": ""rolling_mean_24"", ""transformations"": {""0"": ""ClipOutliers"", ""1"": ""QuantileTransformer""}, ""transformation_params"": {""0"": {""method"": ""clip"", ""std_threshold"": 3.5, ""fillna"": null}, ""1"": {""output_distribution"": ""uniform"", ""n_quantiles"": 100}}}",0.00813,0.0,0.002066,0.010196,0,,1,0,9.175496791024106,3.352782698412697,4.16083956288006,0.7083333333333334,4.071810371002695,0.46031746031746024,9.175496791024106,3.352782698412697,4.16083956288006,0.7083333333333334,4.071810371002695,0.46031746031746024,1.0,5.952393307522879
30,1630e30970c23ea7c9994b80fcf25be7,ZeroesNaive,{},"{""fillna"": ""mean"", ""transformations"": {""0"": ""ClipOutliers""}, ""transformation_params"": {""0"": {""method"": ""clip"", ""std_threshold"": 3, ""fillna"": null}}}",0.01008,0.0,0.0,0.01008,0,,1,0,200.0,48.58811408730159,48.925327632186686,0.0,84.64945923460374,0.46031746031746024,200.0,48.58811408730159,48.925327632186686,0.0,84.64945923460374,0.46031746031746024,1.0,117.84384941653346
31,df6b431b74d705c3dc8a2ce83c15356c,LastValueNaive,{},"{""fillna"": ""zero"", ""transformations"": {""0"": ""ClipOutliers"", ""1"": ""QuantileTransformer""}, ""transformation_params"": {""0"": {""method"": ""clip"", ""std_threshold"": 3, ""fillna"": null}, ""1"": {""output_distribution"": ""uniform"", ""n_quantiles"": 100}}}",0.012468,0.0,0.0,0.012468,0,,1,0,9.175496791024106,3.352782698412697,4.160839562880059,0.6805555555555556,5.488108511194677,0.46031746031746024,9.175496791024106,3.352782698412697,4.160839562880059,0.6805555555555556,5.488108511194677,0.46031746031746024,1.0,6.544187196765277
32,521b9c1977646ea66a7bfa7a210722b9,AverageValueNaive,"{""method"": ""Median""}","{""fillna"": ""ffill"", ""transformations"": {""0"": ""ClipOutliers""}, ""transformation_params"": {""0"": {""method"": ""clip"", ""std_threshold"": 4, ""fillna"": null}}}",0.0021260000000000003,0.008047,0.0,0.010173000000000001,0,,1,0,50.028267513880735,24.12102825396825,25.09599859173795,0.5138888888888888,12.675797541251036,0.46031746031746024,50.028267513880735,24.12102825396825,25.09599859173795,0.5138888888888888,12.675797541251036,0.46031746031746024,1.0,29.84734714724706
33,a24ba183e37f82dbdd7450f6650d182a,ZeroesNaive,{},"{""fillna"": ""zero"", ""transformations"": {""0"": ""ClipOutliers"", ""1"": ""DifferencedTransformer""}, ""transformation_params"": {""0"": {""method"": ""clip"", ""std_threshold"": 3.5, ""fillna"": null}, ""1"": {}}}",0.008126000000000001,0.0,0.0,0.008126000000000001,0,,1,0,9.175496791024106,3.352782698412698,4.16083956288006,0.0,2.3835954032026354,0.46031746031746024,9.175496791024106,3.352782698412698,4.16083956288006,0.0,2.3835954032026354,0.46031746031746024,1.0,5.246980179227587
34,867f2f32fab3526220b4f82faa7cc721,AverageValueNaive,"{""method"": ""Mean""}","{""fillna"": ""rolling_mean"", ""transformations"": {""0"": ""ClipOutliers""}, ""transformation_params"": {""0"": {""method"": ""clip"", ""std_threshold"": 4, ""fillna"": null}}}",0.008048000000000001,0.0,0.0,0.008048000000000001,0,,1,0,29.137199668486105,15.21825962456988,16.273230401074795,0.4722222222222222,12.307119137271876,0.46031746031746024,29.137199668486105,15.21825962456988,16.273230401074795,0.4722222222222222,12.307119137271876,0.46031746031746024,1.0,19.880470634861403
35,b896cf04c019aa7156ecc65b198d2017,AverageValueNaive,"{""method"": ""Mean""}","{""fillna"": ""zero"", ""transformations"": {""0"": ""ClipOutliers"", ""1"": ""Slice""}, ""transformation_params"": {""0"": {""method"": ""clip"", ""std_threshold"": 4, ""fillna"": null}, ""1"": {""method"": 0.2}}}",0.018155,0.0,0.0,0.018155,0,,1,0,18.663979505669662,9.509605100052287,10.6224807775755,0.7916666666666666,4.981863634499949,0.46031746031746024,18.663979505669662,9.509605100052287,10.6224807775755,0.7916666666666666,4.981863634499949,0.46031746031746024,1.0,11.507629174606194
36,41e4aa7d0cf5229b4b9d6c65a64f0679,ZeroesNaive,{},"{""fillna"": ""rolling_mean_24"", ""transformations"": {""0"": ""ClipOutliers""}, ""transformation_params"": {""0"": {""method"": ""clip"", ""std_threshold"": 4, ""fillna"": null}}}",0.018108000000000003,0.0,0.0,0.018108000000000003,0,,1,0,200.0,48.58811408730159,48.925327632186686,0.0,84.64945923460374,0.46031746031746024,200.0,48.58811408730159,48.925327632186686,0.0,84.64945923460374,0.46031746031746024,1.0,117.84384941653346
37,1ed4e31cc6be70392d91a617ddef0254,SeasonalNaive,"{""method"": ""LastValue"", ""lag_1"": 52, ""lag_2"": 60}","{""fillna"": ""rolling_mean"", ""transformations"": {""0"": ""ClipOutliers"", ""1"": ""RobustScaler""}, ""transformation_params"": {""0"": {""method"": ""clip"", ""std_threshold"": 4, ""fillna"": null}, ""1"": {}}}",0.020325000000000003,0.0,0.040967,0.061292000000000006,0,,1,0,20.04424942626365,12.171504523809524,13.393196351231957,0.8333333333333334,5.3620429290732075,0.5555555555555557,20.04424942626365,12.171504523809524,13.393196351231957,0.8333333333333334,5.3620429290732075,0.5555555555555557,1.0,12.988596512208002
38,16ea2e8d2e14038f3b4db3dbc6c26f71,GLS,{},"{""fillna"": ""median"", ""transformations"": {""0"": ""ClipOutliers"", ""1"": ""PowerTransformer""}, ""transformation_params"": {""0"": {""method"": ""clip"", ""std_threshold"": 4, ""fillna"": null}, ""1"": {}}}",0.030423000000000002,0.0,0.050456,0.080879,0,,1,0,26.84647466659865,14.483306850465981,15.535815354322166,0.6805555555555556,8.855242045483614,0.5714285714285714,26.84647466659865,14.483306850465981,15.535815354322166,0.6805555555555556,8.855242045483614,0.5714285714285714,1.0,17.43708944417161
39,5a81831c19546dfba285667492fa9134,GLS,{},"{""fillna"": ""fake_date"", ""transformations"": {""0"": ""ClipOutliers"", ""1"": ""Round""}, ""transformation_params"": {""0"": {""method"": ""clip"", ""std_threshold"": 4, ""fillna"": null}, ""1"": {""model"": ""middle"", ""decimals"": 1, ""on_transform"": true, ""on_inverse"": false}}}",0.012132,0.0,0.050398000000000005,0.06253,0,,1,0,25.305457151800947,7.3955201253789875,8.05808455103746,0.7222222222222222,4.404499240828036,0.5396825396825397,25.305457151800947,7.3955201253789875,8.05808455103746,0.7222222222222222,4.404499240828036,0.5396825396825397,1.0,12.758087291118372
40,bae6ac961b8948b5de1b2372782bf523,SeasonalNaive,"{""method"": ""Mean"", ""lag_1"": 7, ""lag_2"": 364}","{""fillna"": ""median"", ""transformations"": {""0"": ""ClipOutliers"", ""1"": ""CumSumTransformer""}, ""transformation_params"": {""0"": {""method"": ""clip"", ""std_threshold"": 3.5, ""fillna"": null}, ""1"": {}}}",0.02016,0.0020510000000000003,0.048442000000000006,0.07065300000000001,0,,1,0,97.0125528996811,1395.0760884037086,3752.1336755886077,0.125,720.4755829545704,0.5238095238095238,97.0125528996811,1395.0760884037086,3752.1336755886077,0.125,720.4755829545704,0.5238095238095238,1.0,1105.8333270255248
41,b237cb2a3034794ab26b2181a209fa42,LastValueNaive,{},"{""fillna"": ""median"", ""transformations"": {""0"": ""ClipOutliers""}, ""transformation_params"": {""0"": {""method"": ""clip"", ""std_threshold"": 4, ""fillna"": null}}}",0.018064,0.0,0.0,0.018064,0,,1,0,9.175496791024106,3.352782698412698,4.16083956288006,0.8055555555555556,3.747299585121782,0.46031746031746024,9.175496791024106,3.352782698412698,4.16083956288006,0.8055555555555556,3.747299585121782,0.46031746031746024,1.0,5.816797916532998
42,58e735be5224e0c5a5a98244483630a4,AverageValueNaive,"{""method"": ""Median""}","{""fillna"": ""rolling_mean_24"", ""transformations"": {""0"": ""ClipOutliers""}, ""transformation_params"": {""0"": {""method"": ""clip"", ""std_threshold"": 3.5, ""fillna"": null}}}",0.018053,0.0,0.0,0.018053,0,,1,0,28.224998693276813,15.147584864953927,16.201454888872263,0.4722222222222222,11.955738815575268,0.46031746031746024,28.224998693276813,15.147584864953927,16.201454888872263,0.4722222222222222,11.955738815575268,0.46031746031746024,1.0,19.405427148657893
43,8c1f549efa33ca046218bbe830fb6df9,AverageValueNaive,"{""method"": ""Median""}","{""fillna"": ""rolling_mean_24"", ""transformations"": {""0"": ""ClipOutliers"", ""1"": ""PowerTransformer""}, ""transformation_params"": {""0"": {""method"": ""clip"", ""std_threshold"": 3, ""fillna"": null}, ""1"": {}}}",0.036155,0.00201,0.0,0.038165000000000004,0,,1,0,28.22499869327674,15.147584864953915,16.20145488887225,0.4722222222222222,11.95573723070131,0.46031746031746024,28.22499869327674,15.147584864953915,16.20145488887225,0.4722222222222222,11.95573723070131,0.46031746031746024,1.0,19.40542648642532
44,d807d5ee8db19740522c2b10da541b36,AverageValueNaive,"{""method"": ""Median""}","{""fillna"": ""zero"", ""transformations"": {""0"": ""ClipOutliers"", ""1"": ""QuantileTransformer""}, ""transformation_params"": {""0"": {""method"": ""clip"", ""std_threshold"": 3, ""fillna"": null}, ""1"": {""output_distribution"": ""uniform"", ""n_quantiles"": 100}}}",0.026277000000000002,0.0,0.0,0.026277000000000002,0,,1,0,114.58912971523523,38.319501309523794,38.96057785262082,0.7083333333333334,15.939891898147664,0.46031746031746024,114.58912971523523,38.319501309523794,38.96057785262082,0.7083333333333334,15.939891898147664,0.46031746031746024,1.0,57.300700016113886
45,a0068cf7082f844b268e29f97f942b4f,GLS,{},"{""fillna"": ""ffill_mean_biased"", ""transformations"": {""0"": null}, ""transformation_params"": {""0"": {}}}",0.008607,0.0,0.051666000000000004,0.06027300000000001,0,,1,0,33.68674984557774,8.678010470561889,9.340441496484333,0.6805555555555556,7.550589531997322,0.5396825396825397,33.68674984557774,8.678010470561889,9.340441496484333,0.6805555555555556,7.550589531997322,0.5396825396825397,1.0,17.287764470917974
46,5f72ab625cdf1dce3286a86936ce7013,ZeroesNaive,{},"{""fillna"": ""median"", ""transformations"": {""0"": ""ClipOutliers"", ""1"": ""cffilter""}, ""transformation_params"": {""0"": {""method"": ""clip"", ""std_threshold"": 4, ""fillna"": null}, ""1"": {}}}",0.060295,0.0,0.0,0.060295,0,,1,0,200.0,48.58811408730159,48.925327632186686,0.0,84.64945923460374,0.46031746031746024,200.0,48.58811408730159,48.925327632186686,0.0,84.64945923460374,0.46031746031746024,1.0,117.84384941653346
47,867ee31c4f97fd34ccc35abe3bda395d,LastValueNaive,{},"{""fillna"": ""rolling_mean"", ""transformations"": {""0"": ""ClipOutliers""}, ""transformation_params"": {""0"": {""method"": ""clip"", ""std_threshold"": 3, ""fillna"": null}}}",0.012159000000000001,0.0,0.008024,0.020183,0,,1,0,9.175496791024106,3.352782698412698,4.16083956288006,0.8194444444444444,3.7956018117828503,0.46031746031746024,9.175496791024106,3.352782698412698,4.16083956288006,0.8194444444444444,3.7956018117828503,0.46031746031746024,1.0,5.836980787472125
48,9c5bdfc69e77a60731b966469dcda925,ZeroesNaive,{},"{""fillna"": ""median"", ""transformations"": {""0"": ""ClipOutliers"", ""1"": ""RobustScaler""}, ""transformation_params"": {""0"": {""method"": ""clip"", ""std_threshold"": 2, ""fillna"": null}, ""1"": {}}}",0.020068000000000003,0.0,0.0,0.020068000000000003,0,,1,0,32.532092923808825,16.77979880952381,17.824478738049393,0.0,20.498916661165577,0.46031746031746024,32.532092923808825,16.77979880952381,17.824478738049393,0.0,20.498916661165577,0.46031746031746024,1.0,24.934801101454998
49,d4b93cd1e41aa8c7d3f130f1d06e5359,AverageValueNaive,"{""method"": ""Mean""}","{""fillna"": ""ffill_mean_biased"", ""transformations"": {""0"": ""ClipOutliers"", ""1"": ""CumSumTransformer""}, ""transformation_params"": {""0"": {""method"": ""clip"", ""std_threshold"": 3.5, ""fillna"": null}, ""1"": {}}}",0.02214,0.0,0.008041000000000001,0.030181000000000003,0,,1,0,199.83902996110498,1615.9629179276478,4340.593488012603,0.0,1259.9723209923602,0.46031746031746024,199.83902996110498,1615.9629179276478,4340.593488012603,0.0,1259.9723209923602,0.46031746031746024,1.0,1487.2036250264687
50,13cd69e3bb53c028041bf480398503b3,LastValueNaive,{},"{""fillna"": ""ffill"", ""transformations"": {""0"": ""ClipOutliers""}, ""transformation_params"": {""0"": {""method"": ""clip"", ""std_threshold"": 5, ""fillna"": null}}}",0.010035,0.0,0.0,0.010035,0,,1,0,9.175496791024106,3.352782698412698,4.16083956288006,0.6527777777777778,4.683885639821455,0.46031746031746024,9.175496791024106,3.352782698412698,4.16083956288006,0.6527777777777778,4.683885639821455,0.46031746031746024,1.0,6.208146240866588
51,a3e391d84e1d376f3e0c150583808595,GLS,{},"{""fillna"": ""ffill_mean_biased"", ""transformations"": {""0"": ""ClipOutliers"", ""1"": ""DifferencedTransformer""}, ""transformation_params"": {""0"": {""method"": ""clip"", ""std_threshold"": 4, ""fillna"": null}, ""1"": {}}}",0.012089,0.008016,0.050341000000000004,0.07044600000000001,0,,1,0,8.72431160730209,3.206546530087003,3.9594862246303126,0.9583333333333334,2.1863282202549272,0.6190476190476191,8.72431160730209,3.206546530087003,3.9594862246303126,0.9583333333333334,2.1863282202549272,0.6190476190476191,1.0,4.959276749049126
52,019aa9100274b6197ec0d372c3f788a8,GLS,{},"{""fillna"": ""median"", ""transformations"": {""0"": ""ClipOutliers"", ""1"": ""ClipOutliers""}, ""transformation_params"": {""0"": {""method"": ""clip"", ""std_threshold"": 2, ""fillna"": null}, ""1"": {""method"": ""clip"", ""std_threshold"": 3.5, ""fillna"": null}}}",0.022080000000000002,0.0,0.058231000000000005,0.08031100000000001,0,,1,0,33.00990270237632,8.240266467340414,8.931361487755026,0.6111111111111112,7.207986278257206,0.5396825396825397,33.00990270237632,8.240266467340414,8.931361487755026,0.6111111111111112,7.207986278257206,0.5396825396825397,1.0,16.782969681157752
53,7c91a7516f37060218940fccd18c8a1c,ZeroesNaive,{},"{""fillna"": ""median"", ""transformations"": {""0"": ""ClipOutliers"", ""1"": ""Round""}, ""transformation_params"": {""0"": {""method"": ""clip"", ""std_threshold"": 1, ""fillna"": null}, ""1"": {""model"": ""middle"", ""decimals"": -2, ""on_transform"": true, ""on_inverse"": true}}}",0.022188000000000003,0.0,0.0,0.022188000000000003,0,,1,0,200.0,48.58811408730159,48.925327632186686,0.0,84.64945923460374,0.46031746031746024,200.0,48.58811408730159,48.925327632186686,0.0,84.64945923460374,0.46031746031746024,1.0,117.84384941653346
54,194f0c0a6ee0b773ff415c8cd4bebd14,GLS,{},"{""fillna"": ""mean"", ""transformations"": {""0"": ""RollingMeanTransformer""}, ""transformation_params"": {""0"": {""fixed"": true, ""window"": 3}}}",0.008028,0.008061,0.042409,0.058498,0,,1,0,33.609787364438226,8.663236509888545,9.325993888526819,0.6527777777777778,7.059055198617688,0.5396825396825397,33.609787364438226,8.663236509888545,9.325993888526819,0.6527777777777778,7.059055198617688,0.5396825396825397,1.0,17.05195059719598
55,d8460c761d55639af02ab61e3f149acb,GLS,{},"{""fillna"": ""rolling_mean"", ""transformations"": {""0"": ""RollingMeanTransformer"", ""1"": ""CumSumTransformer""}, ""transformation_params"": {""0"": {""fixed"": true, ""window"": 3}, ""1"": {}}}",0.020122,0.0,0.050276,0.070398,0,,1,0,60.109670970929415,3759.593314450569,10319.767694067119,0.0,4118.7206396212505,0.5873015873015873,60.109670970929415,3759.593314450569,10319.767694067119,0.0,4118.7206396212505,0.5873015873015873,1.0,3851.4658383375518
56,60874557bdbc8570656ba331188e463a,AverageValueNaive,"{""method"": ""Mean""}","{""fillna"": ""ffill_mean_biased"", ""transformations"": {""0"": ""DifferencedTransformer""}, ""transformation_params"": {""0"": {}}}",0.002019,0.0,0.008026,0.010045,0,,1,0,9.156893845592245,3.307304303394411,4.098949599457957,0.7638888888888888,1.4945774574454442,0.6190476190476191,9.156893845592245,3.307304303394411,4.098949599457957,0.7638888888888888,1.4945774574454442,0.6190476190476191,1.0,4.8525522645880095
57,0ccea9e4d823b8fea307c79e15c93ed0,AverageValueNaive,"{""method"": ""Mean""}","{""fillna"": ""mean"", ""transformations"": {""0"": null}, ""transformation_params"": {""0"": {}}}",0.0020180000000000003,0.0,0.0,0.0020180000000000003,0,,1,0,29.10830978593809,15.210655852608207,16.264274841494057,0.4722222222222222,12.302432013869627,0.46031746031746024,29.10830978593809,15.210655852608207,16.264274841494057,0.4722222222222222,12.302432013869627,0.46031746031746024,1.0,19.86623095724041
58,1f38bea008f44d7dcb3e0d9be4b31f96,AverageValueNaive,"{""method"": ""Median""}","{""fillna"": ""ffill_mean_biased"", ""transformations"": {""0"": ""ClipOutliers"", ""1"": ""DifferencedTransformer""}, ""transformation_params"": {""0"": {""method"": ""clip"", ""std_threshold"": 4, ""fillna"": null}, ""1"": {}}}",0.028095000000000002,0.002023,0.0,0.030118000000000002,0,,1,0,9.175496791024106,3.352782698412698,4.16083956288006,0.7638888888888888,1.5793165801937594,0.46031746031746024,9.175496791024106,3.352782698412698,4.16083956288006,0.7638888888888888,1.5793165801937594,0.46031746031746024,1.0,4.910915844186377
59,2e3c6c555ae5eb4a5d0ff997faac30c4,LastValueNaive,{},"{""fillna"": ""rolling_mean"", ""transformations"": {""0"": ""ClipOutliers""}, ""transformation_params"": {""0"": {""method"": ""clip"", ""std_threshold"": 4, ""fillna"": null}}}",0.012056,0.0,0.0,0.012056,0,,1,0,9.175496791024106,3.352782698412698,4.16083956288006,0.8194444444444444,3.7956018117828503,0.46031746031746024,9.175496791024106,3.352782698412698,4.16083956288006,0.8194444444444444,3.7956018117828503,0.46031746031746024,1.0,5.836980787472125
60,70fa67ffba3bec1c12034f3a9f61d41c,LastValueNaive,{},"{""fillna"": ""rolling_mean_24"", ""transformations"": {""0"": ""QuantileTransformer""}, ""transformation_params"": {""0"": {""output_distribution"": ""uniform"", ""n_quantiles"": 264}}}",0.010021,0.0,0.010039000000000001,0.02006,0,,1,0,9.175496791024106,3.352782698412699,4.16083956288006,0.7222222222222222,4.280559366812303,0.46031746031746024,9.175496791024106,3.352782698412699,4.16083956288006,0.7222222222222222,4.280559366812303,0.46031746031746024,1.0,6.0396181485361335
61,7f2ac00732b0f58a9b35cc4751c6f35b,LastValueNaive,{},"{""fillna"": ""ffill_mean_biased"", ""transformations"": {""0"": ""ClipOutliers"", ""1"": ""DifferencedTransformer""}, ""transformation_params"": {""0"": {""method"": ""clip"", ""std_threshold"": 3, ""fillna"": null}, ""1"": {}}}",0.010032000000000001,0.008016,0.0020180000000000003,0.020066,0,,1,0,21.52487644022145,21.05054853174602,23.590686670703032,0.2916666666666667,3.6563265102832627,0.5873015873015873,21.52487644022145,21.05054853174602,23.590686670703032,0.2916666666666667,3.6563265102832627,0.5873015873015873,1.0,15.77302745690523
62,3f19d7df8773b5e8a41b4eef9ddfd118,ZeroesNaive,{},"{""fillna"": ""ffill"", ""transformations"": {""0"": ""RollingMeanTransformer"", ""1"": ""DifferencedTransformer""}, ""transformation_params"": {""0"": {""fixed"": true, ""window"": 12}, ""1"": {}}}",0.0,0.008012,4.9000000000000005e-05,0.008061,0,,1,0,12.044332428520185,4.040192860449718,5.0458398268078035,0.0,3.521045301163282,0.46031746031746024,12.044332428520185,4.040192860449718,5.0458398268078035,0.0,3.521045301163282,0.46031746031746024,1.0,6.929208787976078
63,388f481097aa1b729fef1d347322d07c,ZeroesNaive,{},"{""fillna"": ""ffill_mean_biased"", ""transformations"": {""0"": ""ClipOutliers"", ""1"": ""DifferencedTransformer""}, ""transformation_params"": {""0"": {""method"": ""clip"", ""std_threshold"": 4, ""fillna"": null}, ""1"": {}}}",0.010241,0.0,0.0,0.010241,0,,1,0,9.175496791024106,3.352782698412698,4.16083956288006,0.0,2.3835954032026354,0.46031746031746024,9.175496791024106,3.352782698412698,4.16083956288006,0.0,2.3835954032026354,0.46031746031746024,1.0,5.246980179227587
64,74cff49983b969306dd45347b1a8063a,ZeroesNaive,{},"{""fillna"": ""fake_date"", ""transformations"": {""0"": ""ClipOutliers"", ""1"": ""DifferencedTransformer""}, ""transformation_params"": {""0"": {""method"": ""clip"", ""std_threshold"": 3.5, ""fillna"": null}, ""1"": {}}}",0.008142,0.0,0.0,0.008142,0,,1,0,9.175496791024106,3.352782698412698,4.16083956288006,0.0,2.3835954032026354,0.46031746031746024,9.175496791024106,3.352782698412698,4.16083956288006,0.0,2.3835954032026354,0.46031746031746024,1.0,5.246980179227587
65,d086d72aa9dc84077c2ef1fea85f6c3a,SeasonalNaive,"{""method"": ""LastValue"", ""lag_1"": 2, ""lag_2"": 7}","{""fillna"": ""ffill_mean_biased"", ""transformations"": {""0"": ""Round"", ""1"": ""PowerTransformer""}, ""transformation_params"": {""0"": {""model"": ""middle"", ""decimals"": 2, ""on_transform"": false, ""on_inverse"": true}, ""1"": {}}}",0.030622000000000003,0.0,0.040879000000000006,0.07150100000000001,0,,1,0,9.284904172933302,2.6876871031746026,3.475860703418761,0.875,38.843447995027915,0.5714285714285714,9.284904172933302,2.6876871031746026,3.475860703418761,0.875,38.843447995027915,0.5714285714285714,1.0,20.304463335166837
66,fa8fcbe98f47be5e4cfc8b40128f230d,SeasonalNaive,"{""method"": ""Mean"", ""lag_1"": 2, ""lag_2"": 1}","{""fillna"": ""mean"", ""transformations"": {""0"": ""QuantileTransformer"", ""1"": ""ClipOutliers""}, ""transformation_params"": {""0"": {""output_distribution"": ""uniform"", ""n_quantiles"": 264}, ""1"": {""method"": ""clip"", ""std_threshold"": 2, ""fillna"": null}}}",0.012315000000000001,0.0,0.050519,0.062834,0,,1,0,25.619975321496977,14.962967425151216,16.017904702932803,0.875,5.309475471452867,0.492063492063492,25.619975321496977,14.962967425151216,16.017904702932803,0.875,5.309475471452867,0.492063492063492,1.0,15.697046247941488
67,d30561d97d19e0a56dc7937b712214ef,SeasonalNaive,"{""method"": ""LastValue"", ""lag_1"": 2, ""lag_2"": ""None""}","{""fillna"": ""rolling_mean"", ""transformations"": {""0"": ""QuantileTransformer"", ""1"": ""QuantileTransformer""}, ""transformation_params"": {""0"": {""output_distribution"": ""uniform"", ""n_quantiles"": 264}, ""1"": {""output_distribution"": ""normal"", ""n_quantiles"": 264}}}",0.028339000000000003,0.0,0.042836000000000006,0.071175,0,,1,0,9.683092972884182,3.6582911507936515,5.280542146711832,0.8194444444444444,4.45033536558956,0.6349206349206349,9.683092972884182,3.6582911507936515,5.280542146711832,0.8194444444444444,4.45033536558956,0.6349206349206349,1.0,6.491449319859903
68,d6481ff5b5a27096f1c4617d87c635dd,SeasonalNaive,"{""method"": ""LastValue"", ""lag_1"": 1440, ""lag_2"": 7}","{""fillna"": ""rolling_mean"", ""transformations"": {""0"": ""QuantileTransformer"", ""1"": ""Discretize""}, ""transformation_params"": {""0"": {""output_distribution"": ""uniform"", ""n_quantiles"": 264}, ""1"": {""discretization"": ""center"", ""n_bins"": 5}}}",0.0,0.0,0.046919,0.046919,0,,1,0,22.36456071337997,14.88594139921697,15.944098896785233,0.7638888888888888,5.644039031896267,0.46031746031746024,22.36456071337997,14.88594139921697,15.944098896785233,0.7638888888888888,5.644039031896267,0.46031746031746024,1.0,14.722080322599476
69,15e30fb0df736192d133c60f7c716bdb,AverageValueNaive,"{""method"": ""Median""}","{""fillna"": ""ffill_mean_biased"", ""transformations"": {""0"": ""DifferencedTransformer""}, ""transformation_params"": {""0"": {}}}",0.015646,0.0,0.006542,0.022188000000000003,0,,1,0,9.175496791024106,3.352782698412698,4.16083956288006,0.7638888888888888,1.5509213501155648,0.46031746031746024,9.175496791024106,3.352782698412698,4.16083956288006,0.7638888888888888,1.5509213501155648,0.46031746031746024,1.0,4.8990510233785
70,d861af2b60a28ff215c2a47afd90c481,GLS,{},"{""fillna"": ""rolling_mean"", ""transformations"": {""0"": ""RollingMeanTransformer"", ""1"": ""QuantileTransformer""}, ""transformation_params"": {""0"": {""fixed"": true, ""window"": 3}, ""1"": {""output_distribution"": ""normal"", ""n_quantiles"": 264}}}",0.015627000000000002,0.0,0.06255200000000001,0.078179,0,,1,0,25.146765085533396,14.96433984425386,16.020732292516502,0.6666666666666666,8.126028651872028,0.47619047619047616,25.146765085533396,14.96433984425386,16.020732292516502,0.6666666666666666,8.126028651872028,0.47619047619047616,1.0,16.716012844347308
71,1f1ebd754317036deff720a58ae3d14b,GLS,{},"{""fillna"": ""ffill_mean_biased"", ""transformations"": {""0"": ""DifferencedTransformer"", ""1"": ""QuantileTransformer""}, ""transformation_params"": {""0"": {}, ""1"": {""output_distribution"": ""normal"", ""n_quantiles"": 264}}}",0.0,0.015625,0.04687,0.062495,0,,1,0,8.825402780946682,3.209567378509107,4.0030183177305325,0.8194444444444444,1.7686209827228614,0.5714285714285714,8.825402780946682,3.209567378509107,4.0030183177305325,0.8194444444444444,1.7686209827228614,0.5714285714285714,1.0,4.825237317913384
72,4d074bcc73dd799596f7ef10d7eea57c,GLS,{},"{""fillna"": ""fake_date"", ""transformations"": {""0"": ""DifferencedTransformer"", ""1"": ""QuantileTransformer""}, ""transformation_params"": {""0"": {}, ""1"": {""output_distribution"": ""normal"", ""n_quantiles"": 65}}}",0.01563,0.0,0.053380000000000004,0.06901,0,,1,0,9.6226169781685,3.4893044681391947,4.490701855662049,0.9722222222222222,2.4063563264547208,0.4920634920634921,9.6226169781685,3.4893044681391947,4.490701855662049,0.9722222222222222,2.4063563264547208,0.4920634920634921,1.0,5.4766596967210175
73,9a7d7314e6823cb295b7b340c1cdab6c,LastValueNaive,{},"{""fillna"": ""ffill_mean_biased"", ""transformations"": {""0"": ""MinMaxScaler""}, ""transformation_params"": {""0"": {}}}",0.0,0.0,0.01563,0.01563,0,,1,0,9.175496791024106,3.352782698412698,4.16083956288006,0.7777777777777778,3.828615095167274,0.46031746031746024,9.175496791024106,3.352782698412698,4.16083956288006,0.7777777777777778,3.828615095167274,0.46031746031746024,1.0,5.8507752413489635
74,9d9b10cb25a926b62d7245c2d7c38b56,LastValueNaive,{},"{""fillna"": ""median"", ""transformations"": {""0"": ""ClipOutliers"", ""1"": ""MinMaxScaler""}, ""transformation_params"": {""0"": {""method"": ""clip"", ""std_threshold"": 4, ""fillna"": null}, ""1"": {}}}",0.037757,0.0,0.0,0.037757,0,,1,0,9.175496791024106,3.352782698412699,4.16083956288006,0.8055555555555556,3.7472995851217834,0.46031746031746024,9.175496791024106,3.352782698412699,4.16083956288006,0.8055555555555556,3.7472995851217834,0.46031746031746024,1.0,5.816797916532999
75,94bf6b32397aeb1459925291d929b08e,ZeroesNaive,{},"{""fillna"": ""ffill_mean_biased"", ""transformations"": {""0"": ""DifferencedTransformer""}, ""transformation_params"": {""0"": {}}}",0.0,0.0,0.015625,0.015625,0,,1,0,9.175496791024106,3.352782698412698,4.16083956288006,0.0,2.3835954032026354,0.46031746031746024,9.175496791024106,3.352782698412698,4.16083956288006,0.0,2.3835954032026354,0.46031746031746024,1.0,5.246980179227587
76,a5c8e102e7796b32bb198066b43d3095,ZeroesNaive,{},"{""fillna"": ""ffill"", ""transformations"": {""0"": ""ClipOutliers"", ""1"": ""DifferencedTransformer""}, ""transformation_params"": {""0"": {""method"": ""clip"", ""std_threshold"": 3.5, ""fillna"": null}, ""1"": {}}}",0.015622,0.0,0.0,0.015622,0,,1,0,9.175496791024106,3.352782698412698,4.16083956288006,0.0,2.3835954032026354,0.46031746031746024,9.175496791024106,3.352782698412698,4.16083956288006,0.0,2.3835954032026354,0.46031746031746024,1.0,5.246980179227587
77,9226f5d99fa3ebdbedf365b8b482779f,SeasonalNaive,"{""method"": ""LastValue"", ""lag_1"": 28, ""lag_2"": ""None""}","{""fillna"": ""ffill_mean_biased"", ""transformations"": {""0"": ""DifferencedTransformer"", ""1"": ""QuantileTransformer""}, ""transformation_params"": {""0"": {}, ""1"": {""output_distribution"": ""normal"", ""n_quantiles"": 264}}}",0.031303000000000004,0.0,0.053405,0.084708,0,,1,0,14.10803839702655,6.654662261904775,7.60053287712404,0.9444444444444444,3.681330665066846,0.5238095238095237,14.10803839702655,6.654662261904775,7.60053287712404,0.9444444444444444,3.681330665066846,0.5238095238095237,1.0,8.508659923448027
78,1e41de2912c9e695ceb4363f0391db48,SeasonalNaive,"{""method"": ""LastValue"", ""lag_1"": 2, ""lag_2"": ""None""}","{""fillna"": ""rolling_mean"", ""transformations"": {""0"": ""Round"", ""1"": ""PowerTransformer""}, ""transformation_params"": {""0"": {""model"": ""middle"", ""decimals"": 2, ""on_transform"": false, ""on_inverse"": true}, ""1"": {}}}",0.031318,0.0,0.037809,0.06912700000000001,0,,1,0,9.668746496257045,3.6578892857142855,5.280229645355375,0.9444444444444444,5.136017340806021,0.6190476190476191,9.668746496257045,3.6578892857142855,5.280229645355375,0.9444444444444444,5.136017340806021,0.6190476190476191,1.0,6.773036496597506
79,981163ad3aa4423e1e72597fa8f7a005,SeasonalNaive,"{""method"": ""LastValue"", ""lag_1"": 28, ""lag_2"": ""None""}","{""fillna"": ""ffill_mean_biased"", ""transformations"": {""0"": ""Round""}, ""transformation_params"": {""0"": {""model"": ""middle"", ""decimals"": 2, ""on_transform"": false, ""on_inverse"": true}}}",0.0,0.015605,0.031244,0.046849,0,,1,0,12.681039796152128,6.932603968253968,7.6852797661188,0.9583333333333334,5.896608873312072,0.5079365079365079,12.681039796152128,6.932603968253968,7.6852797661188,0.9583333333333334,5.896608873312072,0.5079365079365079,1.0,9.017307787229946
80,a11ba542b3a2a5319f6978a59fdd1a81,SeasonalNaive,"{""method"": ""Median"", ""lag_1"": 2, ""lag_2"": ""None""}","{""fillna"": ""rolling_mean"", ""transformations"": {""0"": ""Round"", ""1"": ""QuantileTransformer""}, ""transformation_params"": {""0"": {""model"": ""middle"", ""decimals"": 2, ""on_transform"": false, ""on_inverse"": true}, ""1"": {""output_distribution"": ""normal"", ""n_quantiles"": 264}}}",0.031272,0.0,0.037854000000000006,0.069126,0,,1,0,28.271570537491144,15.149351587301588,16.203231371513603,0.6944444444444444,10.662168359280994,0.46031746031746024,28.271570537491144,15.149351587301588,16.203231371513603,0.6944444444444444,10.662168359280994,0.46031746031746024,1.0,18.881080914551365
81,54a655c9266233a925f39ff460c5b72f,Ensemble,"{""model_name"": ""BestN"", ""model_count"": 3, ""model_metric"": ""best_score"", ""models"": {""1f1ebd754317036deff720a58ae3d14b"": {""Model"": ""GLS"", ""ModelParameters"": ""{}"", ""TransformationParameters"": ""{\""fillna\"": \""ffill_mean_biased\"", \""transformations\"": {\""0\"": \""DifferencedTransformer\"", \""1\"": \""QuantileTransformer\""}, \""transformation_params\"": {\""0\"": {}, \""1\"": {\""output_distribution\"": \""normal\"", \""n_quantiles\"": 264}}}""}, ""60874557bdbc8570656ba331188e463a"": {""Model"": ""AverageValueNaive"", ""ModelParameters"": ""{\""method\"": \""Mean\""}"", ""TransformationParameters"": ""{\""fillna\"": \""ffill_mean_biased\"", \""transformations\"": {\""0\"": \""DifferencedTransformer\""}, \""transformation_params\"": {\""0\"": {}}}""}, ""15e30fb0df736192d133c60f7c716bdb"": {""Model"": ""AverageValueNaive"", ""ModelParameters"": ""{\""method\"": \""Median\""}"", ""TransformationParameters"": ""{\""fillna\"": \""ffill_mean_biased\"", \""transformations\"": {\""0\"": \""DifferencedTransformer\""}, \""transformation_params\"": {\""0\"": {}}}""}}}",{},0.0,0.092698,0.0,0.092698,1,,1,0,9.053716233175894,3.289883866264332,4.087207297097513,0.7638888888888888,1.60188576652259,0.6190476190476191,9.053716233175894,3.289883866264332,4.087207297097513,0.7638888888888888,1.60188576652259,0.6190476190476191,1.0,4.8580874946298
82,a5d0a5a25853ed15eb0b56e3c6fbe9e2,Ensemble,"{""model_name"": ""BestN"", ""model_count"": 3, ""model_metric"": ""mixed_metric"", ""models"": {""a3e391d84e1d376f3e0c150583808595"": {""Model"": ""GLS"", ""ModelParameters"": ""{}"", ""TransformationParameters"": ""{\""fillna\"": \""ffill_mean_biased\"", \""transformations\"": {\""0\"": \""ClipOutliers\"", \""1\"": \""DifferencedTransformer\""}, \""transformation_params\"": {\""0\"": {\""method\"": \""clip\"", \""std_threshold\"": 4, \""fillna\"": null}, \""1\"": {}}}""}, ""d086d72aa9dc84077c2ef1fea85f6c3a"": {""Model"": ""SeasonalNaive"", ""ModelParameters"": ""{\""method\"": \""LastValue\"", \""lag_1\"": 2, \""lag_2\"": 7}"", ""TransformationParameters"": ""{\""fillna\"": \""ffill_mean_biased\"", \""transformations\"": {\""0\"": \""Round\"", \""1\"": \""PowerTransformer\""}, \""transformation_params\"": {\""0\"": {\""model\"": \""middle\"", \""decimals\"": 2, \""on_transform\"": false, \""on_inverse\"": true}, \""1\"": {}}}""}, ""b71db750b18f2d2c1aab7beb4d1d1f59"": {""Model"": ""SeasonalNaive"", ""ModelParameters"": ""{\""method\"": \""LastValue\"", \""lag_1\"": 2, \""lag_2\"": 7}"", ""TransformationParameters"": ""{\""fillna\"": \""rolling_mean_24\"", \""transformations\"": {\""1\"": \""Round\"", \""2\"": \""PowerTransformer\""}, \""transformation_params\"": {\""1\"": {\""model\"": \""middle\"", \""decimals\"": 2, \""on_transform\"": false, \""on_inverse\"": true}, \""2\"": {}}}""}}}",{},0.0,0.22310000000000002,0.0,0.22310000000000002,1,,1,0,8.671161380449787,2.564888101806827,3.341147773000708,0.8888888888888888,12.544764142531115,0.5079365079365079,8.671161380449787,2.564888101806827,3.341147773000708,0.8888888888888888,12.544764142531115,0.5079365079365079,1.0,9.069409887139614
83,5c94fa0283891bdbc1bdc43a464d3e90,Ensemble,"{""model_name"": ""BestN"", ""model_count"": 3, ""model_metric"": ""best_score_unique"", ""models"": {""1f1ebd754317036deff720a58ae3d14b"": {""Model"": ""GLS"", ""ModelParameters"": ""{}"", ""TransformationParameters"": ""{\""fillna\"": \""ffill_mean_biased\"", \""transformations\"": {\""0\"": \""DifferencedTransformer\"", \""1\"": \""QuantileTransformer\""}, \""transformation_params\"": {\""0\"": {}, \""1\"": {\""output_distribution\"": \""normal\"", \""n_quantiles\"": 264}}}""}, ""60874557bdbc8570656ba331188e463a"": {""Model"": ""AverageValueNaive"", ""ModelParameters"": ""{\""method\"": \""Mean\""}"", ""TransformationParameters"": ""{\""fillna\"": \""ffill_mean_biased\"", \""transformations\"": {\""0\"": \""DifferencedTransformer\""}, \""transformation_params\"": {\""0\"": {}}}""}, ""3973e52b8c979fe13d22b0e54cbefa81"": {""Model"": ""LastValueNaive"", ""ModelParameters"": ""{}"", ""TransformationParameters"": ""{\""fillna\"": \""fake_date\"", \""transformations\"": {\""0\"": \""ClipOutliers\"", \""1\"": \""MinMaxScaler\""}, \""transformation_params\"": {\""0\"": {\""method\"": \""clip\"", \""std_threshold\"": 5, \""fillna\"": null}, \""1\"": {}}}""}}}",{},0.0,0.115873,0.0,0.115873,1,,1,0,9.053716233175894,3.289883866264332,4.087207297097513,0.9166666666666666,1.4347760962977825,0.6190476190476191,9.053716233175894,3.289883866264332,4.087207297097513,0.9166666666666666,1.4347760962977825,0.6190476190476191,1.0,4.78826146092552
84,23506e2ce78a49ba1be7d7aff44c5692,Ensemble,"{""model_name"": ""BestN"", ""model_count"": 3, ""model_metric"": ""horizontal"", ""models"": {""d773077d597d64ab8161d41917a63399"": {""Model"": ""GLS"", ""ModelParameters"": ""{}"", ""TransformationParameters"": ""{\""fillna\"": \""rolling_mean\"", \""transformations\"": {\""0\"": \""RollingMeanTransformer\"", \""1\"": \""DifferencedTransformer\""}, \""transformation_params\"": {\""0\"": {\""fixed\"": true, \""window\"": 3}, \""1\"": {}}}""}, ""7f2ac00732b0f58a9b35cc4751c6f35b"": {""Model"": ""LastValueNaive"", ""ModelParameters"": ""{}"", ""TransformationParameters"": ""{\""fillna\"": \""ffill_mean_biased\"", \""transformations\"": {\""0\"": \""ClipOutliers\"", \""1\"": \""DifferencedTransformer\""}, \""transformation_params\"": {\""0\"": {\""method\"": \""clip\"", \""std_threshold\"": 3, \""fillna\"": null}, \""1\"": {}}}""}, ""4d074bcc73dd799596f7ef10d7eea57c"": {""Model"": ""GLS"", ""ModelParameters"": ""{}"", ""TransformationParameters"": ""{\""fillna\"": \""fake_date\"", \""transformations\"": {\""0\"": \""DifferencedTransformer\"", \""1\"": \""QuantileTransformer\""}, \""transformation_params\"": {\""0\"": {}, \""1\"": {\""output_distribution\"": \""normal\"", \""n_quantiles\"": 65}}}""}}}",{},0.0,0.16925500000000002,0.0,0.16925500000000002,1,,1,0,13.808033837322053,7.965657849603758,9.168506550462213,0.9444444444444444,1.5956333957894278,0.5873015873015873,13.808033837322053,7.965657849603758,9.168506550462213,0.9444444444444444,1.5956333957894278,0.5873015873015873,1.0,7.988462393994088
85,5c94fa0283891bdbc1bdc43a464d3e90,Ensemble,"{""model_name"": ""BestN"", ""model_count"": 3, ""model_metric"": ""best_score_unique"", ""models"": {""1f1ebd754317036deff720a58ae3d14b"": {""Model"": ""GLS"", ""ModelParameters"": ""{}"", ""TransformationParameters"": ""{\""fillna\"": \""ffill_mean_biased\"", \""transformations\"": {\""0\"": \""DifferencedTransformer\"", \""1\"": \""QuantileTransformer\""}, \""transformation_params\"": {\""0\"": {}, \""1\"": {\""output_distribution\"": \""normal\"", \""n_quantiles\"": 264}}}""}, ""60874557bdbc8570656ba331188e463a"": {""Model"": ""AverageValueNaive"", ""ModelParameters"": ""{\""method\"": \""Mean\""}"", ""TransformationParameters"": ""{\""fillna\"": \""ffill_mean_biased\"", \""transformations\"": {\""0\"": \""DifferencedTransformer\""}, \""transformation_params\"": {\""0\"": {}}}""}, ""3973e52b8c979fe13d22b0e54cbefa81"": {""Model"": ""LastValueNaive"", ""ModelParameters"": ""{}"", ""TransformationParameters"": ""{\""fillna\"": \""fake_date\"", \""transformations\"": {\""0\"": \""ClipOutliers\"", \""1\"": \""MinMaxScaler\""}, \""transformation_params\"": {\""0\"": {\""method\"": \""clip\"", \""std_threshold\"": 5, \""fillna\"": null}, \""1\"": {}}}""}}}",{},0.0,0.11587900000000001,0.0,0.11587900000000001,1,,1,1,12.77188959719687,5.954105887967692,7.220756400937582,0.875,1.508536793575624,0.619047619047619,12.77188959719687,5.954105887967692,7.220756400937582,0.875,1.508536793575624,0.619047619047619,1.0,6.9757141612020925
86,1f1ebd754317036deff720a58ae3d14b,GLS,{},"{""fillna"": ""ffill_mean_biased"", ""transformations"": {""0"": ""DifferencedTransformer"", ""1"": ""QuantileTransformer""}, ""transformation_params"": {""0"": {}, ""1"": {""output_distribution"": ""normal"", ""n_quantiles"": 264}}}",0.025742,0.0,0.058743000000000004,0.084485,0,,1,1,12.680499414672418,5.88638618362342,7.14711072264652,0.8333333333333334,1.5772696324791091,0.5396825396825397,12.680499414672418,5.88638618362342,7.14711072264652,0.8333333333333334,1.5772696324791091,0.5396825396825397,1.0,6.951501115250309
87,60874557bdbc8570656ba331188e463a,AverageValueNaive,"{""method"": ""Mean""}","{""fillna"": ""ffill_mean_biased"", ""transformations"": {""0"": ""DifferencedTransformer""}, ""transformation_params"": {""0"": {}}}",0.008019,0.0,0.002058,0.010077000000000001,0,,1,1,12.818462072590279,5.965545500847927,7.230523858752196,0.6944444444444444,1.4016090043695786,0.5714285714285714,12.818462072590279,5.965545500847927,7.230523858752196,0.6944444444444444,1.4016090043695786,0.5714285714285714,1.0,6.950034653711504
88,54a655c9266233a925f39ff460c5b72f,Ensemble,"{""model_name"": ""BestN"", ""model_count"": 3, ""model_metric"": ""best_score"", ""models"": {""1f1ebd754317036deff720a58ae3d14b"": {""Model"": ""GLS"", ""ModelParameters"": ""{}"", ""TransformationParameters"": ""{\""fillna\"": \""ffill_mean_biased\"", \""transformations\"": {\""0\"": \""DifferencedTransformer\"", \""1\"": \""QuantileTransformer\""}, \""transformation_params\"": {\""0\"": {}, \""1\"": {\""output_distribution\"": \""normal\"", \""n_quantiles\"": 264}}}""}, ""60874557bdbc8570656ba331188e463a"": {""Model"": ""AverageValueNaive"", ""ModelParameters"": ""{\""method\"": \""Mean\""}"", ""TransformationParameters"": ""{\""fillna\"": \""ffill_mean_biased\"", \""transformations\"": {\""0\"": \""DifferencedTransformer\""}, \""transformation_params\"": {\""0\"": {}}}""}, ""15e30fb0df736192d133c60f7c716bdb"": {""Model"": ""AverageValueNaive"", ""ModelParameters"": ""{\""method\"": \""Median\""}"", ""TransformationParameters"": ""{\""fillna\"": \""ffill_mean_biased\"", \""transformations\"": {\""0\"": \""DifferencedTransformer\""}, \""transformation_params\"": {\""0\"": {}}}""}}}",{},0.0,0.092515,0.0,0.092515,1,,1,1,12.77188959719687,5.954105887967692,7.220756400937582,0.7222222222222222,1.4371453163959347,0.619047619047619,12.77188959719687,5.954105887967692,7.220756400937582,0.7222222222222222,1.4371453163959347,0.619047619047619,1.0,6.945883549454483
89,15e30fb0df736192d133c60f7c716bdb,AverageValueNaive,"{""method"": ""Median""}","{""fillna"": ""ffill_mean_biased"", ""transformations"": {""0"": ""DifferencedTransformer""}, ""transformation_params"": {""0"": {}}}",0.00408,0.0,0.008059,0.012139,0,,1,1,12.818395886251498,6.010541666666667,7.285330782668691,0.6944444444444444,1.4193878084625666,0.4285714285714286,12.818395886251498,6.010541666666667,7.285330782668691,0.6944444444444444,1.4193878084625666,0.4285714285714286,1.0,6.973087398006786
90,1f38bea008f44d7dcb3e0d9be4b31f96,AverageValueNaive,"{""method"": ""Median""}","{""fillna"": ""ffill_mean_biased"", ""transformations"": {""0"": ""ClipOutliers"", ""1"": ""DifferencedTransformer""}, ""transformation_params"": {""0"": {""method"": ""clip"", ""std_threshold"": 4, ""fillna"": null}, ""1"": {}}}",0.012176000000000001,0.0,0.008019,0.020195,0,,1,1,12.818395886251498,6.010541666666667,7.285330782668691,0.6944444444444444,1.413591798695753,0.4285714285714286,12.818395886251498,6.010541666666667,7.285330782668691,0.6944444444444444,1.413591798695753,0.4285714285714286,1.0,6.970665561061124
91,a3e391d84e1d376f3e0c150583808595,GLS,{},"{""fillna"": ""ffill_mean_biased"", ""transformations"": {""0"": ""ClipOutliers"", ""1"": ""DifferencedTransformer""}, ""transformation_params"": {""0"": {""method"": ""clip"", ""std_threshold"": 4, ""fillna"": null}, ""1"": {}}}",0.012124000000000001,0.0,0.048345000000000006,0.060469,0,,1,1,12.771550761848868,5.870690737314776,7.112712973032296,0.9861111111111112,2.2071445580361724,0.619047619047619,12.771550761848868,5.870690737314776,7.112712973032296,0.9861111111111112,2.2071445580361724,0.619047619047619,1.0,7.237604532578178
92,84cd5713f07c833dafe810770a30bb09,AverageValueNaive,"{""method"": ""Mean""}","{""fillna"": ""fake_date"", ""transformations"": {""0"": ""DifferencedTransformer""}, ""transformation_params"": {""0"": {}}}",0.0,0.008045,0.002011,0.010056,0,,1,1,13.336260075816652,5.972184295900186,7.230707565823208,0.9166666666666666,1.7864724369420921,0.5555555555555556,13.336260075816652,5.972184295900186,7.230707565823208,0.9166666666666666,1.7864724369420921,0.5555555555555556,1.0,7.285547476048928
93,3973e52b8c979fe13d22b0e54cbefa81,LastValueNaive,{},"{""fillna"": ""fake_date"", ""transformations"": {""0"": ""ClipOutliers"", ""1"": ""MinMaxScaler""}, ""transformation_params"": {""0"": {""method"": ""clip"", ""std_threshold"": 5, ""fillna"": null}, ""1"": {}}}",0.022107,0.0,0.008016,0.030123,0,,1,1,12.818395886251501,6.010541666666667,7.285330782668691,0.875,2.295846231969162,0.4285714285714286,12.818395886251501,6.010541666666667,7.285330782668691,0.875,2.295846231969162,0.4285714285714286,1.0,7.339311658624627
94,94bf6b32397aeb1459925291d929b08e,ZeroesNaive,{},"{""fillna"": ""ffill_mean_biased"", ""transformations"": {""0"": ""DifferencedTransformer""}, ""transformation_params"": {""0"": {}}}",0.008020000000000001,0.0020120000000000003,0.0,0.010032000000000001,0,,1,1,12.818395886251498,6.010541666666667,7.285330782668691,0.027777777777777776,2.450299391042001,0.4285714285714286,12.818395886251498,6.010541666666667,7.285330782668691,0.027777777777777776,2.450299391042001,0.4285714285714286,1.0,7.403849225341405
95,a5c8e102e7796b32bb198066b43d3095,ZeroesNaive,{},"{""fillna"": ""ffill"", ""transformations"": {""0"": ""ClipOutliers"", ""1"": ""DifferencedTransformer""}, ""transformation_params"": {""0"": {""method"": ""clip"", ""std_threshold"": 3.5, ""fillna"": null}, ""1"": {}}}",0.012047,0.0,0.00804,0.020087,0,,1,1,12.818395886251498,6.010541666666667,7.285330782668691,0.027777777777777776,2.450299391042001,0.4285714285714286,12.818395886251498,6.010541666666667,7.285330782668691,0.027777777777777776,2.450299391042001,0.4285714285714286,1.0,7.403849225341405
96,74cff49983b969306dd45347b1a8063a,ZeroesNaive,{},"{""fillna"": ""fake_date"", ""transformations"": {""0"": ""ClipOutliers"", ""1"": ""DifferencedTransformer""}, ""transformation_params"": {""0"": {""method"": ""clip"", ""std_threshold"": 3.5, ""fillna"": null}, ""1"": {}}}",0.020307000000000002,0.0,0.0,0.020307000000000002,0,,1,1,12.818395886251498,6.010541666666667,7.285330782668691,0.027777777777777776,2.450299391042001,0.4285714285714286,12.818395886251498,6.010541666666667,7.285330782668691,0.027777777777777776,2.450299391042001,0.4285714285714286,1.0,7.403849225341405
97,388f481097aa1b729fef1d347322d07c,ZeroesNaive,{},"{""fillna"": ""ffill_mean_biased"", ""transformations"": {""0"": ""ClipOutliers"", ""1"": ""DifferencedTransformer""}, ""transformation_params"": {""0"": {""method"": ""clip"", ""std_threshold"": 4, ""fillna"": null}, ""1"": {}}}",0.008158,0.0,0.0,0.008158,0,,1,1,12.818395886251498,6.010541666666667,7.285330782668691,0.027777777777777776,2.450299391042001,0.4285714285714286,12.818395886251498,6.010541666666667,7.285330782668691,0.027777777777777776,2.450299391042001,0.4285714285714286,1.0,7.403849225341405
98,a24ba183e37f82dbdd7450f6650d182a,ZeroesNaive,{},"{""fillna"": ""zero"", ""transformations"": {""0"": ""ClipOutliers"", ""1"": ""DifferencedTransformer""}, ""transformation_params"": {""0"": {""method"": ""clip"", ""std_threshold"": 3.5, ""fillna"": null}, ""1"": {}}}",0.00814,0.0,0.0,0.00814,0,,1,1,12.818395886251498,6.010541666666667,7.285330782668691,0.027777777777777776,2.450299391042001,0.4285714285714286,12.818395886251498,6.010541666666667,7.285330782668691,0.027777777777777776,2.450299391042001,0.4285714285714286,1.0,7.403849225341405
99,4d074bcc73dd799596f7ef10d7eea57c,GLS,{},"{""fillna"": ""fake_date"", ""transformations"": {""0"": ""DifferencedTransformer"", ""1"": ""QuantileTransformer""}, ""transformation_params"": {""0"": {}, ""1"": {""output_distribution"": ""normal"", ""n_quantiles"": 65}}}",0.016202,0.0,0.052328000000000006,0.06853000000000001,0,,1,1,14.699728416817155,6.556222307911671,8.01467141459831,0.9861111111111112,2.4733576582646304,0.5555555555555556,14.699728416817155,6.556222307911671,8.01467141459831,0.9861111111111112,2.4733576582646304,0.5555555555555556,1.0,8.242647581429722
100,d773077d597d64ab8161d41917a63399,GLS,{},"{""fillna"": ""rolling_mean"", ""transformations"": {""0"": ""RollingMeanTransformer"", ""1"": ""DifferencedTransformer""}, ""transformation_params"": {""0"": {""fixed"": true, ""window"": 3}, ""1"": {}}}",0.002014,0.008064,0.060305000000000004,0.070383,0,,1,1,12.158925253770146,5.650201663766768,7.156358769304493,0.8888888888888888,1.869953868925465,0.619047619047619,12.158925253770146,5.650201663766768,7.156358769304493,0.8888888888888888,1.869953868925465,0.619047619047619,1.0,6.858447988427033
101,b237cb2a3034794ab26b2181a209fa42,LastValueNaive,{},"{""fillna"": ""median"", ""transformations"": {""0"": ""ClipOutliers""}, ""transformation_params"": {""0"": {""method"": ""clip"", ""std_threshold"": 4, ""fillna"": null}}}",0.010023,0.0,0.010038,0.020061000000000002,0,,1,1,12.818395886251498,6.010541666666667,7.285330782668691,0.6944444444444444,4.094489892915073,0.4285714285714286,12.818395886251498,6.010541666666667,7.285330782668691,0.6944444444444444,4.094489892915073,0.4285714285714286,1.0,8.090866926026221
102,9d9b10cb25a926b62d7245c2d7c38b56,LastValueNaive,{},"{""fillna"": ""median"", ""transformations"": {""0"": ""ClipOutliers"", ""1"": ""MinMaxScaler""}, ""transformation_params"": {""0"": {""method"": ""clip"", ""std_threshold"": 4, ""fillna"": null}, ""1"": {}}}",0.026106,0.002062,0.0,0.028168000000000002,0,,1,1,12.818395886251498,6.010541666666667,7.285330782668691,0.6944444444444444,4.094489892915071,0.4285714285714286,12.818395886251498,6.010541666666667,7.285330782668691,0.6944444444444444,4.094489892915071,0.4285714285714286,1.0,8.090866926026221
103,867ee31c4f97fd34ccc35abe3bda395d,LastValueNaive,{},"{""fillna"": ""rolling_mean"", ""transformations"": {""0"": ""ClipOutliers""}, ""transformation_params"": {""0"": {""method"": ""clip"", ""std_threshold"": 3, ""fillna"": null}}}",0.010027000000000001,0.0,0.010021,0.020048,0,,1,1,12.818395886251498,6.010541666666667,7.285330782668691,0.7222222222222222,3.960911568129447,0.4285714285714286,12.818395886251498,6.010541666666667,7.285330782668691,0.7222222222222222,3.960911568129447,0.4285714285714286,1.0,8.035051816128066
104,28626d94867d2ae68688e3f22060a8dd,LastValueNaive,{},"{""fillna"": ""rolling_mean"", ""transformations"": {""0"": ""ClipOutliers""}, ""transformation_params"": {""0"": {""method"": ""clip"", ""std_threshold"": 5, ""fillna"": null}}}",0.010027000000000001,0.0,0.010066,0.020093,0,,1,1,12.818395886251498,6.010541666666667,7.285330782668691,0.7222222222222222,3.960911568129447,0.4285714285714286,12.818395886251498,6.010541666666667,7.285330782668691,0.7222222222222222,3.960911568129447,0.4285714285714286,1.0,8.035051816128066
105,2e3c6c555ae5eb4a5d0ff997faac30c4,LastValueNaive,{},"{""fillna"": ""rolling_mean"", ""transformations"": {""0"": ""ClipOutliers""}, ""transformation_params"": {""0"": {""method"": ""clip"", ""std_threshold"": 4, ""fillna"": null}}}",0.018047,0.0,0.0,0.018047,0,,1,1,12.818395886251498,6.010541666666667,7.285330782668691,0.7222222222222222,3.960911568129447,0.4285714285714286,12.818395886251498,6.010541666666667,7.285330782668691,0.7222222222222222,3.960911568129447,0.4285714285714286,1.0,8.035051816128066
106,9a7d7314e6823cb295b7b340c1cdab6c,LastValueNaive,{},"{""fillna"": ""ffill_mean_biased"", ""transformations"": {""0"": ""MinMaxScaler""}, ""transformation_params"": {""0"": {}}}",0.010012,0.0,0.0,0.010012,0,,1,1,12.818395886251498,6.010541666666667,7.285330782668691,0.7083333333333334,4.02847281980869,0.4285714285714286,12.818395886251498,6.010541666666667,7.285330782668691,0.7083333333333334,4.02847281980869,0.4285714285714286,1.0,8.063281985157253
107,b71db750b18f2d2c1aab7beb4d1d1f59,SeasonalNaive,"{""method"": ""LastValue"", ""lag_1"": 2, ""lag_2"": 7}","{""fillna"": ""rolling_mean_24"", ""transformations"": {""1"": ""Round"", ""2"": ""PowerTransformer""}, ""transformation_params"": {""1"": {""model"": ""middle"", ""decimals"": 2, ""on_transform"": false, ""on_inverse"": true}, ""2"": {}}}",0.031262000000000005,0.0,0.046895000000000006,0.078157,0,,1,1,11.879380304110576,5.633790555555556,7.3608854138062725,0.9027777777777778,5.321041783221493,0.5555555555555556,11.879380304110576,5.633790555555556,7.3608854138062725,0.9027777777777778,5.321041783221493,0.5555555555555556,1.0,8.232505375494572
108,51187eb1f61ebc74cf730f1c9f3149c8,SeasonalNaive,"{""method"": ""LastValue"", ""lag_1"": 2, ""lag_2"": 1}","{""fillna"": ""rolling_mean_24"", ""transformations"": {""0"": ""SeasonalDifference"", ""1"": ""QuantileTransformer""}, ""transformation_params"": {""0"": {""lag_1"": 12, ""method"": ""Median""}, ""1"": {""output_distribution"": ""uniform"", ""n_quantiles"": 264}}}",0.031231000000000002,0.006543,0.031276000000000005,0.06905,0,,1,1,12.423524208979444,5.617502626105855,7.149593239431214,0.7083333333333334,4.572199248479645,0.5714285714285715,12.423524208979444,5.617502626105855,7.149593239431214,0.7083333333333334,4.572199248479645,0.5714285714285715,1.0,8.069482401202935
109,d30561d97d19e0a56dc7937b712214ef,SeasonalNaive,"{""method"": ""LastValue"", ""lag_1"": 2, ""lag_2"": ""None""}","{""fillna"": ""rolling_mean"", ""transformations"": {""0"": ""QuantileTransformer"", ""1"": ""QuantileTransformer""}, ""transformation_params"": {""0"": {""output_distribution"": ""uniform"", ""n_quantiles"": 264}, ""1"": {""output_distribution"": ""normal"", ""n_quantiles"": 264}}}",0.031244,0.0,0.053503,0.084747,0,,1,1,12.535750510384142,5.381482777777778,7.2287454331901415,0.7361111111111112,4.612031360694549,0.5714285714285715,12.535750510384142,5.381482777777778,7.2287454331901415,0.7361111111111112,4.612031360694549,0.5714285714285715,1.0,8.092949259240308
110,ac73937284f716f801b8689d0cbe084e,GLS,{},"{""fillna"": ""rolling_mean_24"", ""transformations"": {""0"": ""ClipOutliers"", ""1"": ""DifferencedTransformer""}, ""transformation_params"": {""0"": {""method"": ""clip"", ""std_threshold"": 2, ""fillna"": null}, ""1"": {}}}",0.015638000000000003,0.0,0.053327000000000006,0.068965,0,,1,1,13.972842794859424,8.206394463454043,9.443366134974857,0.875,3.6219557470410026,0.619047619047619,13.972842794859424,8.206394463454043,9.443366134974857,0.875,3.6219557470410026,0.619047619047619,1.0,8.971514010760476
111,22e96ab852dff1c49457043257070ec1,SeasonalNaive,"{""method"": ""LastValue"", ""lag_1"": 7, ""lag_2"": 2}","{""fillna"": ""mean"", ""transformations"": {""0"": ""QuantileTransformer"", ""1"": ""ClipOutliers""}, ""transformation_params"": {""0"": {""output_distribution"": ""uniform"", ""n_quantiles"": 264}, ""1"": {""method"": ""clip"", ""std_threshold"": 2, ""fillna"": null}}}",0.016148000000000003,0.0,0.046872000000000004,0.06302,0,,1,1,11.881195725461582,5.644778925306052,7.419257229276728,0.7083333333333334,4.863520240047946,0.5555555555555556,11.881195725461582,5.644778925306052,7.419257229276728,0.7083333333333334,4.863520240047946,0.5555555555555556,1.0,8.052054627827351
112,1e41de2912c9e695ceb4363f0391db48,SeasonalNaive,"{""method"": ""LastValue"", ""lag_1"": 2, ""lag_2"": ""None""}","{""fillna"": ""rolling_mean"", ""transformations"": {""0"": ""Round"", ""1"": ""PowerTransformer""}, ""transformation_params"": {""0"": {""model"": ""middle"", ""decimals"": 2, ""on_transform"": false, ""on_inverse"": true}, ""1"": {}}}",0.021130000000000003,0.0,0.046873000000000005,0.06800300000000001,0,,1,1,12.552102755405759,5.380701666666667,7.227919411880815,0.8888888888888888,5.344925259895284,0.5714285714285715,12.552102755405759,5.380701666666667,7.227919411880815,0.8888888888888888,5.344925259895284,0.5714285714285715,1.0,8.404410732479487
113,3f19d7df8773b5e8a41b4eef9ddfd118,ZeroesNaive,{},"{""fillna"": ""ffill"", ""transformations"": {""0"": ""RollingMeanTransformer"", ""1"": ""DifferencedTransformer""}, ""transformation_params"": {""0"": {""fixed"": true, ""window"": 12}, ""1"": {}}}",0.01563,0.0,0.0,0.01563,0,,1,1,11.2213035591469,5.726687384259254,7.532936027292632,0.0,4.180523482127273,0.4285714285714286,11.2213035591469,5.726687384259254,7.532936027292632,0.0,4.180523482127273,0.4285714285714286,1.0,7.575987580074823
114,23506e2ce78a49ba1be7d7aff44c5692,Ensemble,"{""model_name"": ""BestN"", ""model_count"": 3, ""model_metric"": ""horizontal"", ""models"": {""d773077d597d64ab8161d41917a63399"": {""Model"": ""GLS"", ""ModelParameters"": ""{}"", ""TransformationParameters"": ""{\""fillna\"": \""rolling_mean\"", \""transformations\"": {\""0\"": \""RollingMeanTransformer\"", \""1\"": \""DifferencedTransformer\""}, \""transformation_params\"": {\""0\"": {\""fixed\"": true, \""window\"": 3}, \""1\"": {}}}""}, ""7f2ac00732b0f58a9b35cc4751c6f35b"": {""Model"": ""LastValueNaive"", ""ModelParameters"": ""{}"", ""TransformationParameters"": ""{\""fillna\"": \""ffill_mean_biased\"", \""transformations\"": {\""0\"": \""ClipOutliers\"", \""1\"": \""DifferencedTransformer\""}, \""transformation_params\"": {\""0\"": {\""method\"": \""clip\"", \""std_threshold\"": 3, \""fillna\"": null}, \""1\"": {}}}""}, ""4d074bcc73dd799596f7ef10d7eea57c"": {""Model"": ""GLS"", ""ModelParameters"": ""{}"", ""TransformationParameters"": ""{\""fillna\"": \""fake_date\"", \""transformations\"": {\""0\"": \""DifferencedTransformer\"", \""1\"": \""QuantileTransformer\""}, \""transformation_params\"": {\""0\"": {}, \""1\"": {\""output_distribution\"": \""normal\"", \""n_quantiles\"": 65}}}""}}}",{},0.0,0.159081,0.0,0.159081,1,,1,1,14.193249030635693,7.468825745099431,8.690914598713524,0.9583333333333334,1.6107356949498728,0.6031746031746031,14.193249030635693,7.468825745099431,8.690914598713524,0.9583333333333334,1.6107356949498728,0.6031746031746031,1.0,7.968931814074832
115,5c94fa0283891bdbc1bdc43a464d3e90,Ensemble,"{""model_name"": ""BestN"", ""model_count"": 3, ""model_metric"": ""best_score_unique"", ""models"": {""1f1ebd754317036deff720a58ae3d14b"": {""Model"": ""GLS"", ""ModelParameters"": ""{}"", ""TransformationParameters"": ""{\""fillna\"": \""ffill_mean_biased\"", \""transformations\"": {\""0\"": \""DifferencedTransformer\"", \""1\"": \""QuantileTransformer\""}, \""transformation_params\"": {\""0\"": {}, \""1\"": {\""output_distribution\"": \""normal\"", \""n_quantiles\"": 264}}}""}, ""60874557bdbc8570656ba331188e463a"": {""Model"": ""AverageValueNaive"", ""ModelParameters"": ""{\""method\"": \""Mean\""}"", ""TransformationParameters"": ""{\""fillna\"": \""ffill_mean_biased\"", \""transformations\"": {\""0\"": \""DifferencedTransformer\""}, \""transformation_params\"": {\""0\"": {}}}""}, ""3973e52b8c979fe13d22b0e54cbefa81"": {""Model"": ""LastValueNaive"", ""ModelParameters"": ""{}"", ""TransformationParameters"": ""{\""fillna\"": \""fake_date\"", \""transformations\"": {\""0\"": \""ClipOutliers\"", \""1\"": \""MinMaxScaler\""}, \""transformation_params\"": {\""0\"": {\""method\"": \""clip\"", \""std_threshold\"": 5, \""fillna\"": null}, \""1\"": {}}}""}}}",{},0.0,0.098718,0.0,0.098718,1,,1,2,10.330098650391887,4.435943840528576,5.107672553567828,0.875,1.4782297184425457,0.5873015873015874,10.330098650391887,4.435943840528576,5.107672553567828,0.875,1.4782297184425457,0.5873015873015874,1.0,5.580073683028512
116,1f1ebd754317036deff720a58ae3d14b,GLS,{},"{""fillna"": ""ffill_mean_biased"", ""transformations"": {""0"": ""DifferencedTransformer"", ""1"": ""QuantileTransformer""}, ""transformation_params"": {""0"": {}, ""1"": {""output_distribution"": ""normal"", ""n_quantiles"": 264}}}",0.028158000000000002,0.0020480000000000003,0.040189,0.070395,0,,1,2,10.525502686422136,4.390142304022973,5.056300842224444,0.8611111111111112,1.474946082607019,0.507936507936508,10.525502686422136,4.390142304022973,5.056300842224444,0.8611111111111112,1.474946082607019,0.507936507936508,1.0,5.628866460511755
117,60874557bdbc8570656ba331188e463a,AverageValueNaive,"{""method"": ""Mean""}","{""fillna"": ""ffill_mean_biased"", ""transformations"": {""0"": ""DifferencedTransformer""}, ""transformation_params"": {""0"": {}}}",0.0,0.0,0.00201,0.00201,0,,1,2,10.220996107091226,4.4245861620071985,5.095448395212339,0.5972222222222222,1.4913799866229371,0.5873015873015874,10.220996107091226,4.4245861620071985,5.095448395212339,0.5972222222222222,1.4913799866229371,0.5873015873015874,1.0,5.545287837569005
118,54a655c9266233a925f39ff460c5b72f,Ensemble,"{""model_name"": ""BestN"", ""model_count"": 3, ""model_metric"": ""best_score"", ""models"": {""1f1ebd754317036deff720a58ae3d14b"": {""Model"": ""GLS"", ""ModelParameters"": ""{}"", ""TransformationParameters"": ""{\""fillna\"": \""ffill_mean_biased\"", \""transformations\"": {\""0\"": \""DifferencedTransformer\"", \""1\"": \""QuantileTransformer\""}, \""transformation_params\"": {\""0\"": {}, \""1\"": {\""output_distribution\"": \""normal\"", \""n_quantiles\"": 264}}}""}, ""60874557bdbc8570656ba331188e463a"": {""Model"": ""AverageValueNaive"", ""ModelParameters"": ""{\""method\"": \""Mean\""}"", ""TransformationParameters"": ""{\""fillna\"": \""ffill_mean_biased\"", \""transformations\"": {\""0\"": \""DifferencedTransformer\""}, \""transformation_params\"": {\""0\"": {}}}""}, ""15e30fb0df736192d133c60f7c716bdb"": {""Model"": ""AverageValueNaive"", ""ModelParameters"": ""{\""method\"": \""Median\""}"", ""TransformationParameters"": ""{\""fillna\"": \""ffill_mean_biased\"", \""transformations\"": {\""0\"": \""DifferencedTransformer\""}, \""transformation_params\"": {\""0\"": {}}}""}}}",{},0.0,0.09854800000000001,0.0,0.09854800000000001,1,,1,2,10.330098650391887,4.435943840528576,5.107672553567828,0.6944444444444444,1.3932287337489995,0.5873015873015874,10.330098650391887,4.435943840528576,5.107672553567828,0.6944444444444444,1.3932287337489995,0.5873015873015874,1.0,5.544556398995074
119,15e30fb0df736192d133c60f7c716bdb,AverageValueNaive,"{""method"": ""Median""}","{""fillna"": ""ffill_mean_biased"", ""transformations"": {""0"": ""DifferencedTransformer""}, ""transformation_params"": {""0"": {}}}",0.018185,0.0,0.0,0.018185,0,,1,2,10.24763613342498,4.493103055555557,5.1714408154990945,0.5555555555555556,1.5118978480193475,0.3968253968253968,10.24763613342498,4.493103055555557,5.1714408154990945,0.5555555555555556,1.5118978480193475,0.3968253968253968,1.0,5.5855679838452215
120,1f38bea008f44d7dcb3e0d9be4b31f96,AverageValueNaive,"{""method"": ""Median""}","{""fillna"": ""ffill_mean_biased"", ""transformations"": {""0"": ""ClipOutliers"", ""1"": ""DifferencedTransformer""}, ""transformation_params"": {""0"": {""method"": ""clip"", ""std_threshold"": 4, ""fillna"": null}, ""1"": {}}}",0.010036,0.0,0.010026,0.020062,0,,1,2,10.24763613342498,4.493103055555557,5.1714408154990945,0.5416666666666666,1.5297654648165269,0.3968253968253968,10.24763613342498,4.493103055555557,5.1714408154990945,0.5416666666666666,1.5297654648165269,0.3968253968253968,1.0,5.593033888188259
121,a3e391d84e1d376f3e0c150583808595,GLS,{},"{""fillna"": ""ffill_mean_biased"", ""transformations"": {""0"": ""ClipOutliers"", ""1"": ""DifferencedTransformer""}, ""transformation_params"": {""0"": {""method"": ""clip"", ""std_threshold"": 4, ""fillna"": null}, ""1"": {}}}",0.020148000000000003,0.00206,0.048276000000000006,0.070484,0,,1,2,10.648915266157461,4.286839739421519,4.9422668508380205,1.0,2.2154143217281774,0.5873015873015874,10.648915266157461,4.286839739421519,4.9422668508380205,1.0,2.2154143217281774,0.5873015873015874,1.0,5.945348294509188
122,84cd5713f07c833dafe810770a30bb09,AverageValueNaive,"{""method"": ""Mean""}","{""fillna"": ""fake_date"", ""transformations"": {""0"": ""DifferencedTransformer""}, ""transformation_params"": {""0"": {}}}",0.020076,0.0,0.0,0.020076,0,,1,2,10.393028771069039,4.381736083178145,5.0354898166289495,0.9444444444444444,1.7389459761033534,0.5873015873015874,10.393028771069039,4.381736083178145,5.0354898166289495,0.9444444444444444,1.7389459761033534,0.5873015873015874,1.0,5.690388206664563
123,3973e52b8c979fe13d22b0e54cbefa81,LastValueNaive,{},"{""fillna"": ""fake_date"", ""transformations"": {""0"": ""ClipOutliers"", ""1"": ""MinMaxScaler""}, ""transformation_params"": {""0"": {""method"": ""clip"", ""std_threshold"": 5, ""fillna"": null}, ""1"": {}}}",0.014166000000000002,0.0,0.008025000000000001,0.022191000000000002,0,,1,2,10.247636133424981,4.493103055555557,5.1714408154990945,0.9166666666666666,2.148080927260896,0.3968253968253968,10.247636133424981,4.493103055555557,5.1714408154990945,0.9166666666666666,2.148080927260896,0.3968253968253968,1.0,5.8513942587307675
124,94bf6b32397aeb1459925291d929b08e,ZeroesNaive,{},"{""fillna"": ""ffill_mean_biased"", ""transformations"": {""0"": ""DifferencedTransformer""}, ""transformation_params"": {""0"": {}}}",0.0,0.0,0.0,0.0,0,,1,2,10.24763613342498,4.493103055555557,5.1714408154990945,0.0,3.0064247198071983,0.3968253968253968,10.24763613342498,4.493103055555557,5.1714408154990945,0.0,3.0064247198071983,0.3968253968253968,1.0,6.210049401234302
125,a5c8e102e7796b32bb198066b43d3095,ZeroesNaive,{},"{""fillna"": ""ffill"", ""transformations"": {""0"": ""ClipOutliers"", ""1"": ""DifferencedTransformer""}, ""transformation_params"": {""0"": {""method"": ""clip"", ""std_threshold"": 3.5, ""fillna"": null}, ""1"": {}}}",0.018136000000000003,0.0,0.0,0.018136000000000003,0,,1,2,10.24763613342498,4.493103055555557,5.1714408154990945,0.0,3.0064247198071983,0.3968253968253968,10.24763613342498,4.493103055555557,5.1714408154990945,0.0,3.0064247198071983,0.3968253968253968,1.0,6.210049401234302
126,74cff49983b969306dd45347b1a8063a,ZeroesNaive,{},"{""fillna"": ""fake_date"", ""transformations"": {""0"": ""ClipOutliers"", ""1"": ""DifferencedTransformer""}, ""transformation_params"": {""0"": {""method"": ""clip"", ""std_threshold"": 3.5, ""fillna"": null}, ""1"": {}}}",0.020215,0.0,0.0,0.020215,0,,1,2,10.24763613342498,4.493103055555557,5.1714408154990945,0.0,3.0064247198071983,0.3968253968253968,10.24763613342498,4.493103055555557,5.1714408154990945,0.0,3.0064247198071983,0.3968253968253968,1.0,6.210049401234302
127,388f481097aa1b729fef1d347322d07c,ZeroesNaive,{},"{""fillna"": ""ffill_mean_biased"", ""transformations"": {""0"": ""ClipOutliers"", ""1"": ""DifferencedTransformer""}, ""transformation_params"": {""0"": {""method"": ""clip"", ""std_threshold"": 4, ""fillna"": null}, ""1"": {}}}",0.012131000000000001,0.008014,0.0,0.020145,0,,1,2,10.24763613342498,4.493103055555557,5.1714408154990945,0.0,3.0064247198071983,0.3968253968253968,10.24763613342498,4.493103055555557,5.1714408154990945,0.0,3.0064247198071983,0.3968253968253968,1.0,6.210049401234302
128,a24ba183e37f82dbdd7450f6650d182a,ZeroesNaive,{},"{""fillna"": ""zero"", ""transformations"": {""0"": ""ClipOutliers"", ""1"": ""DifferencedTransformer""}, ""transformation_params"": {""0"": {""method"": ""clip"", ""std_threshold"": 3.5, ""fillna"": null}, ""1"": {}}}",0.0036300000000000004,0.0,0.008062,0.011692000000000001,0,,1,2,10.24763613342498,4.493103055555557,5.1714408154990945,0.0,3.0064247198071983,0.3968253968253968,10.24763613342498,4.493103055555557,5.1714408154990945,0.0,3.0064247198071983,0.3968253968253968,1.0,6.210049401234302
129,4d074bcc73dd799596f7ef10d7eea57c,GLS,{},"{""fillna"": ""fake_date"", ""transformations"": {""0"": ""DifferencedTransformer"", ""1"": ""QuantileTransformer""}, ""transformation_params"": {""0"": {}, ""1"": {""output_distribution"": ""normal"", ""n_quantiles"": 65}}}",0.020769000000000003,0.0016330000000000001,0.048220000000000006,0.070622,0,,1,2,10.632396247011858,4.886091202093768,5.497109299741306,0.9722222222222222,2.5191145655717397,0.5873015873015874,10.632396247011858,4.886091202093768,5.497109299741306,0.9722222222222222,2.5191145655717397,0.5873015873015874,1.0,6.250595102928391
130,d773077d597d64ab8161d41917a63399,GLS,{},"{""fillna"": ""rolling_mean"", ""transformations"": {""0"": ""RollingMeanTransformer"", ""1"": ""DifferencedTransformer""}, ""transformation_params"": {""0"": {""fixed"": true, ""window"": 3}, ""1"": {}}}",0.0041,0.0,0.05854500000000001,0.062645,0,,1,2,12.893576710041787,4.80508355303478,5.41716609800856,0.8472222222222222,1.8140366297830832,0.5873015873015874,12.893576710041787,4.80508355303478,5.41716609800856,0.8472222222222222,1.8140366297830832,0.5873015873015874,1.0,6.688077350706641
131,b237cb2a3034794ab26b2181a209fa42,LastValueNaive,{},"{""fillna"": ""median"", ""transformations"": {""0"": ""ClipOutliers""}, ""transformation_params"": {""0"": {""method"": ""clip"", ""std_threshold"": 4, ""fillna"": null}}}",0.010125,0.0,0.010079000000000001,0.020204,0,,1,2,10.24763613342498,4.493103055555557,5.1714408154990945,0.7916666666666666,3.740623758528112,0.3968253968253968,10.24763613342498,4.493103055555557,5.1714408154990945,0.7916666666666666,3.740623758528112,0.3968253968253968,1.0,6.516831209578543
132,9d9b10cb25a926b62d7245c2d7c38b56,LastValueNaive,{},"{""fillna"": ""median"", ""transformations"": {""0"": ""ClipOutliers"", ""1"": ""MinMaxScaler""}, ""transformation_params"": {""0"": {""method"": ""clip"", ""std_threshold"": 4, ""fillna"": null}, ""1"": {}}}",0.014168,0.0,0.008062,0.02223,0,,1,2,10.247636133424983,4.493103055555561,5.171440815499098,0.7916666666666666,3.7406237585281144,0.3968253968253968,10.247636133424983,4.493103055555561,5.171440815499098,0.7916666666666666,3.7406237585281144,0.3968253968253968,1.0,6.5168312095785454
133,867ee31c4f97fd34ccc35abe3bda395d,LastValueNaive,{},"{""fillna"": ""rolling_mean"", ""transformations"": {""0"": ""ClipOutliers""}, ""transformation_params"": {""0"": {""method"": ""clip"", ""std_threshold"": 3, ""fillna"": null}}}",0.018175,0.002055,0.0,0.02023,0,,1,2,10.24763613342498,4.493103055555557,5.1714408154990945,0.8333333333333334,3.6901281274734763,0.3968253968253968,10.24763613342498,4.493103055555557,5.1714408154990945,0.8333333333333334,3.6901281274734763,0.3968253968253968,1.0,6.495731834352701
134,28626d94867d2ae68688e3f22060a8dd,LastValueNaive,{},"{""fillna"": ""rolling_mean"", ""transformations"": {""0"": ""ClipOutliers""}, ""transformation_params"": {""0"": {""method"": ""clip"", ""std_threshold"": 5, ""fillna"": null}}}",0.020454,0.0,0.0,0.020454,0,,1,2,10.24763613342498,4.493103055555557,5.1714408154990945,0.8333333333333334,3.6901281274734763,0.3968253968253968,10.24763613342498,4.493103055555557,5.1714408154990945,0.8333333333333334,3.6901281274734763,0.3968253968253968,1.0,6.495731834352701
135,2e3c6c555ae5eb4a5d0ff997faac30c4,LastValueNaive,{},"{""fillna"": ""rolling_mean"", ""transformations"": {""0"": ""ClipOutliers""}, ""transformation_params"": {""0"": {""method"": ""clip"", ""std_threshold"": 4, ""fillna"": null}}}",0.010072000000000001,0.0,0.0,0.010072000000000001,0,,1,2,10.24763613342498,4.493103055555557,5.1714408154990945,0.8333333333333334,3.6901281274734763,0.3968253968253968,10.24763613342498,4.493103055555557,5.1714408154990945,0.8333333333333334,3.6901281274734763,0.3968253968253968,1.0,6.495731834352701
136,9a7d7314e6823cb295b7b340c1cdab6c,LastValueNaive,{},"{""fillna"": ""ffill_mean_biased"", ""transformations"": {""0"": ""MinMaxScaler""}, ""transformation_params"": {""0"": {}}}",0.0,0.00809,0.002138,0.010228000000000001,0,,1,2,10.247636133424983,4.493103055555561,5.171440815499098,0.7222222222222222,4.075802639987156,0.3968253968253968,10.247636133424983,4.493103055555561,5.171440815499098,0.7222222222222222,4.075802639987156,0.3968253968253968,1.0,6.656884216937346
137,b71db750b18f2d2c1aab7beb4d1d1f59,SeasonalNaive,"{""method"": ""LastValue"", ""lag_1"": 2, ""lag_2"": 7}","{""fillna"": ""rolling_mean_24"", ""transformations"": {""1"": ""Round"", ""2"": ""PowerTransformer""}, ""transformation_params"": {""1"": {""model"": ""middle"", ""decimals"": 2, ""on_transform"": false, ""on_inverse"": true}, ""2"": {}}}",0.030230000000000003,0.0,0.040428000000000006,0.070658,0,,1,2,12.486027081509683,5.108070277777779,5.630046573368272,0.9583333333333334,5.040797873021656,0.6190476190476191,12.486027081509683,5.108070277777779,5.630046573368272,0.9583333333333334,5.040797873021656,0.6190476190476191,1.0,7.983317484776643
138,51187eb1f61ebc74cf730f1c9f3149c8,SeasonalNaive,"{""method"": ""LastValue"", ""lag_1"": 2, ""lag_2"": 1}","{""fillna"": ""rolling_mean_24"", ""transformations"": {""0"": ""SeasonalDifference"", ""1"": ""QuantileTransformer""}, ""transformation_params"": {""0"": {""lag_1"": 12, ""method"": ""Median""}, ""1"": {""output_distribution"": ""uniform"", ""n_quantiles"": 264}}}",0.010318,0.0,0.051191,0.061509,0,,1,2,11.582623281539805,4.64483861795196,5.340565348896262,0.6388888888888888,4.713637218729968,0.47619047619047616,11.582623281539805,4.64483861795196,5.340565348896262,0.6388888888888888,4.713637218729968,0.47619047619047616,1.0,7.421275225304461
139,d30561d97d19e0a56dc7937b712214ef,SeasonalNaive,"{""method"": ""LastValue"", ""lag_1"": 2, ""lag_2"": ""None""}","{""fillna"": ""rolling_mean"", ""transformations"": {""0"": ""QuantileTransformer"", ""1"": ""QuantileTransformer""}, ""transformation_params"": {""0"": {""output_distribution"": ""uniform"", ""n_quantiles"": 264}, ""1"": {""output_distribution"": ""normal"", ""n_quantiles"": 264}}}",0.018271000000000003,0.010154,0.040971,0.069396,0,,1,2,11.201892388556493,4.720009722222231,5.52444322455353,0.6805555555555556,4.715498781183988,0.47619047619047616,11.201892388556493,4.720009722222231,5.52444322455353,0.6805555555555556,4.715498781183988,0.47619047619047616,1.0,7.333536181662485
140,ac73937284f716f801b8689d0cbe084e,GLS,{},"{""fillna"": ""rolling_mean_24"", ""transformations"": {""0"": ""ClipOutliers"", ""1"": ""DifferencedTransformer""}, ""transformation_params"": {""0"": {""method"": ""clip"", ""std_threshold"": 2, ""fillna"": null}, ""1"": {}}}",0.008139,0.010081000000000001,0.042454000000000006,0.060674000000000006,0,,1,2,11.673728779843481,6.233513655698492,6.875114450545841,0.875,3.3997723716628663,0.5873015873015874,11.673728779843481,6.233513655698492,6.875114450545841,0.875,3.3997723716628663,0.5873015873015874,1.0,7.399196400412387
141,22e96ab852dff1c49457043257070ec1,SeasonalNaive,"{""method"": ""LastValue"", ""lag_1"": 7, ""lag_2"": 2}","{""fillna"": ""mean"", ""transformations"": {""0"": ""QuantileTransformer"", ""1"": ""ClipOutliers""}, ""transformation_params"": {""0"": {""output_distribution"": ""uniform"", ""n_quantiles"": 264}, ""1"": {""method"": ""clip"", ""std_threshold"": 2, ""fillna"": null}}}",0.028219,0.0020050000000000003,0.040393000000000005,0.070617,0,,1,2,12.068526242958114,5.1010022790280365,5.562599029840262,0.6527777777777778,4.685622942296003,0.5396825396825398,12.068526242958114,5.1010022790280365,5.562599029840262,0.6527777777777778,4.685622942296003,0.5396825396825398,1.0,7.684330213549147
142,1e41de2912c9e695ceb4363f0391db48,SeasonalNaive,"{""method"": ""LastValue"", ""lag_1"": 2, ""lag_2"": ""None""}","{""fillna"": ""rolling_mean"", ""transformations"": {""0"": ""Round"", ""1"": ""PowerTransformer""}, ""transformation_params"": {""0"": {""model"": ""middle"", ""decimals"": 2, ""on_transform"": false, ""on_inverse"": true}, ""1"": {}}}",0.020143,0.0,0.060457000000000004,0.0806,0,,1,2,11.19968697450151,4.719785555555556,5.52417734777253,0.9722222222222222,5.071868078168524,0.47619047619047616,11.19968697450151,4.719785555555556,5.52417734777253,0.9722222222222222,5.071868078168524,0.47619047619047616,1.0,7.481627606177112
143,3f19d7df8773b5e8a41b4eef9ddfd118,ZeroesNaive,{},"{""fillna"": ""ffill"", ""transformations"": {""0"": ""RollingMeanTransformer"", ""1"": ""DifferencedTransformer""}, ""transformation_params"": {""0"": {""fixed"": true, ""window"": 12}, ""1"": {}}}",0.002062,0.0,0.0,0.002062,0,,1,2,11.814365517307065,4.643073333333324,5.167952951138984,0.0,4.940544932505876,0.3968253968253968,11.814365517307065,4.643073333333324,5.167952951138984,0.0,4.940544932505876,0.3968253968253968,1.0,7.569276312099886
144,23506e2ce78a49ba1be7d7aff44c5692,Ensemble,"{""model_name"": ""BestN"", ""model_count"": 3, ""model_metric"": ""horizontal"", ""models"": {""d773077d597d64ab8161d41917a63399"": {""Model"": ""GLS"", ""ModelParameters"": ""{}"", ""TransformationParameters"": ""{\""fillna\"": \""rolling_mean\"", \""transformations\"": {\""0\"": \""RollingMeanTransformer\"", \""1\"": \""DifferencedTransformer\""}, \""transformation_params\"": {\""0\"": {\""fixed\"": true, \""window\"": 3}, \""1\"": {}}}""}, ""7f2ac00732b0f58a9b35cc4751c6f35b"": {""Model"": ""LastValueNaive"", ""ModelParameters"": ""{}"", ""TransformationParameters"": ""{\""fillna\"": \""ffill_mean_biased\"", \""transformations\"": {\""0\"": \""ClipOutliers\"", \""1\"": \""DifferencedTransformer\""}, \""transformation_params\"": {\""0\"": {\""method\"": \""clip\"", \""std_threshold\"": 3, \""fillna\"": null}, \""1\"": {}}}""}, ""4d074bcc73dd799596f7ef10d7eea57c"": {""Model"": ""GLS"", ""ModelParameters"": ""{}"", ""TransformationParameters"": ""{\""fillna\"": \""fake_date\"", \""transformations\"": {\""0\"": \""DifferencedTransformer\"", \""1\"": \""QuantileTransformer\""}, \""transformation_params\"": {\""0\"": {}, \""1\"": {\""output_distribution\"": \""normal\"", \""n_quantiles\"": 65}}}""}}}",{},0.0,0.15316300000000002,0.0,0.15316300000000002,1,,1,2,11.767244663023568,5.115167581788587,5.733136647236674,0.9722222222222222,1.593392728845228,0.5396825396825398,11.767244663023568,5.115167581788587,5.733136647236674,0.9722222222222222,1.593392728845228,0.5396825396825398,1.0,6.317675204007242
145,ad630b06bd310a42d7c18f9e9723a169,Ensemble,"{""model_name"": ""Horizontal"", ""model_count"": 8, ""model_metric"": ""MAE"", ""models"": {""d773077d597d64ab8161d41917a63399"": {""Model"": ""GLS"", ""ModelParameters"": ""{}"", ""TransformationParameters"": ""{\""fillna\"": \""rolling_mean\"", \""transformations\"": {\""0\"": \""RollingMeanTransformer\"", \""1\"": \""DifferencedTransformer\""}, \""transformation_params\"": {\""0\"": {\""fixed\"": true, \""window\"": 3}, \""1\"": {}}}""}, ""51187eb1f61ebc74cf730f1c9f3149c8"": {""Model"": ""SeasonalNaive"", ""ModelParameters"": ""{\""method\"": \""LastValue\"", \""lag_1\"": 2, \""lag_2\"": 1}"", ""TransformationParameters"": ""{\""fillna\"": \""rolling_mean_24\"", \""transformations\"": {\""0\"": \""SeasonalDifference\"", \""1\"": \""QuantileTransformer\""}, \""transformation_params\"": {\""0\"": {\""lag_1\"": 12, \""method\"": \""Median\""}, \""1\"": {\""output_distribution\"": \""uniform\"", \""n_quantiles\"": 264}}}""}, ""ac73937284f716f801b8689d0cbe084e"": {""Model"": ""GLS"", ""ModelParameters"": ""{}"", ""TransformationParameters"": ""{\""fillna\"": \""rolling_mean_24\"", \""transformations\"": {\""0\"": \""ClipOutliers\"", \""1\"": \""DifferencedTransformer\""}, \""transformation_params\"": {\""0\"": {\""method\"": \""clip\"", \""std_threshold\"": 2, \""fillna\"": null}, \""1\"": {}}}""}, ""a3e391d84e1d376f3e0c150583808595"": {""Model"": ""GLS"", ""ModelParameters"": ""{}"", ""TransformationParameters"": ""{\""fillna\"": \""ffill_mean_biased\"", \""transformations\"": {\""0\"": \""ClipOutliers\"", \""1\"": \""DifferencedTransformer\""}, \""transformation_params\"": {\""0\"": {\""method\"": \""clip\"", \""std_threshold\"": 4, \""fillna\"": null}, \""1\"": {}}}""}, ""3f19d7df8773b5e8a41b4eef9ddfd118"": {""Model"": ""ZeroesNaive"", ""ModelParameters"": ""{}"", ""TransformationParameters"": ""{\""fillna\"": \""ffill\"", \""transformations\"": {\""0\"": \""RollingMeanTransformer\"", \""1\"": \""DifferencedTransformer\""}, \""transformation_params\"": {\""0\"": {\""fixed\"": true, \""window\"": 12}, \""1\"": {}}}""}, ""15e30fb0df736192d133c60f7c716bdb"": {""Model"": ""AverageValueNaive"", ""ModelParameters"": ""{\""method\"": \""Median\""}"", ""TransformationParameters"": ""{\""fillna\"": \""ffill_mean_biased\"", \""transformations\"": {\""0\"": \""DifferencedTransformer\""}, \""transformation_params\"": {\""0\"": {}}}""}, ""4d074bcc73dd799596f7ef10d7eea57c"": {""Model"": ""GLS"", ""ModelParameters"": ""{}"", ""TransformationParameters"": ""{\""fillna\"": \""fake_date\"", \""transformations\"": {\""0\"": \""DifferencedTransformer\"", \""1\"": \""QuantileTransformer\""}, \""transformation_params\"": {\""0\"": {}, \""1\"": {\""output_distribution\"": \""normal\"", \""n_quantiles\"": 65}}}""}, ""23506e2ce78a49ba1be7d7aff44c5692"": {""Model"": ""Ensemble"", ""ModelParameters"": ""{\""model_name\"": \""BestN\"", \""model_count\"": 3, \""model_metric\"": \""horizontal\"", \""models\"": {\""d773077d597d64ab8161d41917a63399\"": {\""Model\"": \""GLS\"", \""ModelParameters\"": \""{}\"", \""TransformationParameters\"": \""{\\\""fillna\\\"": \\\""rolling_mean\\\"", \\\""transformations\\\"": {\\\""0\\\"": \\\""RollingMeanTransformer\\\"", \\\""1\\\"": \\\""DifferencedTransformer\\\""}, \\\""transformation_params\\\"": {\\\""0\\\"": {\\\""fixed\\\"": true, \\\""window\\\"": 3}, \\\""1\\\"": {}}}\""}, \""7f2ac00732b0f58a9b35cc4751c6f35b\"": {\""Model\"": \""LastValueNaive\"", \""ModelParameters\"": \""{}\"", \""TransformationParameters\"": \""{\\\""fillna\\\"": \\\""ffill_mean_biased\\\"", \\\""transformations\\\"": {\\\""0\\\"": \\\""ClipOutliers\\\"", \\\""1\\\"": \\\""DifferencedTransformer\\\""}, \\\""transformation_params\\\"": {\\\""0\\\"": {\\\""method\\\"": \\\""clip\\\"", \\\""std_threshold\\\"": 3, \\\""fillna\\\"": null}, \\\""1\\\"": {}}}\""}, \""4d074bcc73dd799596f7ef10d7eea57c\"": {\""Model\"": \""GLS\"", \""ModelParameters\"": \""{}\"", \""TransformationParameters\"": \""{\\\""fillna\\\"": \\\""fake_date\\\"", \\\""transformations\\\"": {\\\""0\\\"": \\\""DifferencedTransformer\\\"", \\\""1\\\"": \\\""QuantileTransformer\\\""}, \\\""transformation_params\\\"": {\\\""0\\\"": {}, \\\""1\\\"": {\\\""output_distribution\\\"": \\\""normal\\\"", \\\""n_quantiles\\\"": 65}}}\""}}}"", ""TransformationParameters"": ""{}""}}, ""series"": {""CSUSHPISA"": ""4d074bcc73dd799596f7ef10d7eea57c"", ""EMVOVERALLEMV"": ""3f19d7df8773b5e8a41b4eef9ddfd118"", ""EXCAUS"": ""51187eb1f61ebc74cf730f1c9f3149c8"", ""EXCHUS"": ""a3e391d84e1d376f3e0c150583808595"", ""EXUSEU"": ""ac73937284f716f801b8689d0cbe084e"", ""GS10"": ""23506e2ce78a49ba1be7d7aff44c5692"", ""MCOILWTICO"": ""15e30fb0df736192d133c60f7c716bdb"", ""T10YIEM"": ""d773077d597d64ab8161d41917a63399"", ""USEPUINDXM"": ""3f19d7df8773b5e8a41b4eef9ddfd118""}}",{},0.0,0.34225900000000004,0.0,0.34225900000000004,2,,1,0,7.953465059562221,3.091801402746388,4.075939880701345,0.75,1.9939576501165233,0.5873015873015873,7.953465059562221,3.091801402746388,4.075939880701345,0.75,1.9939576501165233,0.5873015873015873,0.0,4.616554757899352
